datetime,low_carbon,high_carbon,ratio
2021-06-28 10:00:00+00:00,11502.0,22686.0,0.5070087278497752
2021-06-28 10:30:00+00:00,11089.0,23153.0,0.4789444132509826
2021-06-28 11:00:00+00:00,10887.0,23195.0,0.4693683983617159
2021-06-28 11:30:00+00:00,10927.0,23400.0,0.46696581196581194
2021-06-28 12:00:00+00:00,11215.0,23274.0,0.48186817908395635
2021-06-28 12:30:00+00:00,10869.0,22983.0,0.472914763085759
2021-06-28 13:00:00+00:00,10776.0,22890.0,0.47077326343381387
2021-06-28 13:30:00+00:00,10709.0,22770.0,0.47031181379007464
2021-06-28 14:00:00+00:00,10928.0,22801.0,0.47927722468312794
2021-06-28 14:30:00+00:00,10831.0,22695.0,0.47724168319013
2021-06-28 15:00:00+00:00,10660.0,22909.0,0.4653193068226461
2021-06-28 15:30:00+00:00,10628.0,23408.0,0.4540328092959672
2021-06-28 16:00:00+00:00,10571.0,23918.0,0.44196839200602056
2021-06-28 16:30:00+00:00,10621.0,24251.0,0.43796132118263165
2021-06-28 17:00:00+00:00,10385.0,24496.0,0.4239467668190725
2021-06-28 17:30:00+00:00,10004.0,24559.0,0.4073455759599332
2021-06-28 18:00:00+00:00,9812.0,24069.0,0.4076613070754913
2021-06-28 18:30:00+00:00,9694.0,23764.0,0.40792795825618583
2021-06-28 19:00:00+00:00,9273.0,23424.0,0.3958760245901639
2021-06-28 19:30:00+00:00,9087.0,22609.0,0.40191958954398693
2021-06-28 20:00:00+00:00,9277.9,22013.0,0.4214736746467996
2021-06-28 20:30:00+00:00,8863.39,21735.0,0.40779342074994246
2021-06-28 21:00:00+00:00,8828.130000000001,21166.0,0.41709014457148263
2021-06-28 21:30:00+00:00,8740.189,20137.0,0.4340363013358495
2021-06-28 22:00:00+00:00,8874.0929,18811.0,0.4717501940354048
2021-06-28 22:30:00+00:00,8839.0,17039.0,0.5187511004166911
2021-06-28 23:00:00+00:00,8582.0,15991.0,0.5366768807454193
2021-06-28 23:30:00+00:00,8463.0,15529.0,0.5449803593277095
2021-06-29 00:00:00+00:00,8196.0,15113.0,0.5423145636207238
2021-06-29 00:30:00+00:00,8226.0,14851.0,0.5539020941350751
2021-06-29 01:00:00+00:00,8484.0,14469.0,0.5863570391872278
2021-06-29 01:30:00+00:00,8621.0,14207.0,0.6068135426198353
2021-06-29 02:00:00+00:00,8658.0,14073.0,0.6152206352590066
2021-06-29 02:30:00+00:00,8824.0,13810.0,0.6389572773352643
2021-06-29 03:00:00+00:00,8683.0,13737.0,0.632088520055325
2021-06-29 03:30:00+00:00,8616.00000927,13696.0,0.6290887857235689
2021-06-29 04:00:00+00:00,8655.364,13608.0,0.6360496766607877
2021-06-29 04:30:00+00:00,8774.0,13336.0,0.6579184163167366
2021-06-29 05:00:00+00:00,8904.0,13767.0,0.6467640008716496
2021-06-29 05:30:00+00:00,9195.0,15512.0,0.5927668901495616
2021-06-29 06:00:00+00:00,9294.0,17654.0,0.5264529285147842
2021-06-29 06:30:00+00:00,9568.0,19753.0,0.4843821191717714
2021-06-29 07:00:00+00:00,10390.0,20749.0,0.5007470239529616
2021-06-29 07:30:00+00:00,11033.0,21748.0,0.5073110171050211
2021-06-29 08:00:00+00:00,11427.0,22141.0,0.516101350435843
2021-06-29 08:30:00+00:00,11517.0,22769.0,0.5058193157363081
2021-06-29 09:00:00+00:00,11949.0,22821.0,0.5235966872617326
2021-06-29 09:30:00+00:00,12436.0,22322.0,0.5571185377654332
2021-06-29 10:00:00+00:00,12852.0,22263.0,0.5772806899339712
2021-06-29 10:30:00+00:00,13801.0,22313.0,0.6185183525299153
2021-06-29 11:00:00+00:00,13868.0,22430.0,0.6182790905037896
2021-06-29 11:30:00+00:00,13839.0,22498.0,0.6151213441194773
2021-06-29 12:00:00+00:00,14087.0,22460.0,0.6272039180765806
2021-06-29 12:30:00+00:00,14159.0,22148.0,0.6392902293660827
2021-06-29 13:00:00+00:00,14294.0,21628.0,0.660902533752543
2021-06-29 13:30:00+00:00,14281.0,21028.0,0.6791420962526156
2021-06-29 14:00:00+00:00,13808.0,20624.0,0.669511249030256
2021-06-29 14:30:00+00:00,13566.0,20308.0,0.6680126058696081
2021-06-29 15:00:00+00:00,13858.0,20581.0,0.6733394878771682
2021-06-29 15:30:00+00:00,13655.0,20932.0,0.6523504681826868
2021-06-29 16:00:00+00:00,13044.0,21335.0,0.6113897351769393
2021-06-29 16:30:00+00:00,13276.0,20851.0,0.636708071555321
2021-06-29 17:00:00+00:00,13624.0,20802.0,0.6549370252860302
2021-06-29 17:30:00+00:00,13176.0,20519.0,0.6421365563623959
2021-06-29 18:00:00+00:00,12669.0,19874.0,0.6374660360269699
2021-06-29 18:30:00+00:00,12449.0,20639.0,0.6031784485682445
2021-06-29 19:00:00+00:00,12065.0,20851.0,0.5786293223346602
2021-06-29 19:30:00+00:00,11790.0,20390.0,0.5782246199117215
2021-06-29 20:00:00+00:00,11247.0,20016.0,0.561900479616307
2021-06-29 20:30:00+00:00,10583.1,19901.0,0.531787347369479
2021-06-29 21:00:00+00:00,10250.172999999999,19451.0,0.5269740887357975
2021-06-29 21:30:00+00:00,10087.0017,18777.0,0.5371998562070619
2021-06-29 22:00:00+00:00,10050.0195,17339.0,0.57961932637407
2021-06-29 22:30:00+00:00,10115.0,15460.0,0.6542690815006468
2021-06-29 23:00:00+00:00,10024.0,13947.0,0.7187208718720872
2021-06-29 23:30:00+00:00,10193.0,13530.0,0.7533628972653363
2021-06-30 00:00:00+00:00,10355.0,13029.0,0.7947655230639343
2021-06-30 00:30:00+00:00,10331.0,12528.0,0.82463282247765
2021-06-30 01:00:00+00:00,10322.0,12278.0,0.8406906662322854
2021-06-30 01:30:00+00:00,10543.0,12002.0,0.8784369271788035
2021-06-30 02:00:00+00:00,10574.0,11728.0,0.9016030013642565
2021-06-30 02:30:00+00:00,10277.0,11710.0,0.8776259607173356
2021-06-30 03:00:00+00:00,10102.0,11850.0,0.8524894514767932
2021-06-30 03:30:00+00:00,9980.0,11828.0,0.8437605681433886
2021-06-30 04:00:00+00:00,9616.008249999999,12031.0,0.7992692419582744
2021-06-30 04:30:00+00:00,9908.2,11937.0,0.8300410488397421
2021-06-30 05:00:00+00:00,10339.0,12275.0,0.8422810590631364
2021-06-30 05:30:00+00:00,10779.0,13667.0,0.7886880807785176
2021-06-30 06:00:00+00:00,11213.0,15327.0,0.7315847850198995
2021-06-30 06:30:00+00:00,11662.0,18136.0,0.6430304367004852
2021-06-30 07:00:00+00:00,11830.0,19472.0,0.6075390304026295
2021-06-30 07:30:00+00:00,11921.0,20163.0,0.591231463571889
2021-06-30 08:00:00+00:00,12515.0,20160.0,0.6207837301587301
2021-06-30 08:30:00+00:00,12774.0,20735.0,0.6160598022666988
2021-06-30 09:00:00+00:00,12949.0,20725.0,0.6248009650180941
2021-06-30 09:30:00+00:00,13899.0,20122.0,0.6907365073054368
2021-06-30 10:00:00+00:00,14076.0,20903.0,0.6733961632301584
2021-06-30 10:30:00+00:00,14033.0,21057.0,0.6664292159376929
2021-06-30 11:00:00+00:00,13952.0,21069.0,0.6622051355071432
2021-06-30 11:30:00+00:00,14346.0,20951.0,0.684740585174932
2021-06-30 12:00:00+00:00,14239.0,20849.0,0.6829584152717156
2021-06-30 12:30:00+00:00,14358.0,20329.0,0.7062816665846819
2021-06-30 13:00:00+00:00,14536.0,19959.0,0.7282930006513353
2021-06-30 13:30:00+00:00,14274.0,19721.0,0.7237969676994067
2021-06-30 14:00:00+00:00,14078.0,19898.0,0.7075082922906825
2021-06-30 14:30:00+00:00,13938.0,19899.0,0.7004372078998945
2021-06-30 15:00:00+00:00,13595.0,20140.0,0.6750248262164846
2021-06-30 15:30:00+00:00,13792.0,20354.0,0.6776063672988111
2021-06-30 16:00:00+00:00,13776.0,20684.0,0.6660220460259137
2021-06-30 16:30:00+00:00,13987.0,20867.0,0.6702928068241721
2021-06-30 17:00:00+00:00,13768.0,21039.0,0.6544037264128523
2021-06-30 17:30:00+00:00,13410.0,21228.0,0.6317128321085359
2021-06-30 18:00:00+00:00,12852.0,21291.0,0.6036353388755812
2021-06-30 18:30:00+00:00,12114.0,21122.0,0.5735252343528074
2021-06-30 19:00:00+00:00,11382.0,21103.0,0.5393545941335355
2021-06-30 19:30:00+00:00,10967.0,20718.0,0.5293464620137079
2021-06-30 20:00:00+00:00,10351.0,20612.0,0.5021831942557733
2021-06-30 20:30:00+00:00,10288.6,20210.0,0.5090846115784265
2021-06-30 21:00:00+00:00,9951.577000000001,19848.0,0.5013894095122935
2021-06-30 21:30:00+00:00,9943.0000182,19387.0,0.5128694495383505
2021-06-30 22:00:00+00:00,9758.0,18246.0,0.5348021484160912
2021-06-30 22:30:00+00:00,9720.0,16061.0,0.6051927028204969
2021-06-30 23:00:00+00:00,9623.0,14726.0,0.6534700529675405
2021-06-30 23:30:00+00:00,9807.0,13413.0,0.7311563408633416
2021-07-01 00:00:00+00:00,9651.0,12745.0,0.75723813260102
2021-07-01 00:30:00+00:00,9415.0,12476.0,0.7546489259378005
2021-07-01 01:00:00+00:00,9355.0,12701.0,0.7365561766790016
2021-07-01 01:30:00+00:00,9384.0,12737.0,0.736751197299207
2021-07-01 02:00:00+00:00,9520.0,12689.0,0.7502561273544015
2021-07-01 02:30:00+00:00,9454.0,12726.0,0.7428885745717428
2021-07-01 03:00:00+00:00,9461.0,12495.0,0.7571828731492597
2021-07-01 03:30:00+00:00,9466.0,12440.0,0.7609324758842444
2021-07-01 04:00:00+00:00,9474.119999999999,12217.0,0.7754866170090856
2021-07-01 04:30:00+00:00,9480.9,12226.0,0.7754703091771634
2021-07-01 05:00:00+00:00,9674.0,12799.0,0.7558403000234394
2021-07-01 05:30:00+00:00,10091.0,14454.0,0.6981458419814585
2021-07-01 06:00:00+00:00,10503.0,16048.0,0.6544740777666999
2021-07-01 06:30:00+00:00,11131.0,18699.0,0.5952724744638751
2021-07-01 07:00:00+00:00,11450.0,20227.0,0.5660750482028971
2021-07-01 07:30:00+00:00,12102.0,21204.0,0.5707413695529145
2021-07-01 08:00:00+00:00,12977.0,21369.0,0.6072815761149328
2021-07-01 08:30:00+00:00,13704.0,21075.0,0.6502491103202847
2021-07-01 09:00:00+00:00,13874.0,21108.0,0.657286336933864
2021-07-01 09:30:00+00:00,13992.0,21225.0,0.6592226148409894
2021-07-01 10:00:00+00:00,14717.0,21009.0,0.7005093055357228
2021-07-01 10:30:00+00:00,15018.0,20802.0,0.7219498125180271
2021-07-01 11:00:00+00:00,15771.0,20622.0,0.7647657841140529
2021-07-01 11:30:00+00:00,15908.0,20536.0,0.7746396571873783
2021-07-01 12:00:00+00:00,16311.0,20355.0,0.8013264554163596
2021-07-01 12:30:00+00:00,16183.0,20022.0,0.8082609129957047
2021-07-01 13:00:00+00:00,15904.0,19697.0,0.8074326039498401
2021-07-01 13:30:00+00:00,15552.0,19595.0,0.7936718550650677
2021-07-01 14:00:00+00:00,15141.0,19334.0,0.7831281679942071
2021-07-01 14:30:00+00:00,15100.0,19311.0,0.7819377556832893
2021-07-01 15:00:00+00:00,14678.0,19521.0,0.7519082014241074
2021-07-01 15:30:00+00:00,14369.0,20041.0,0.716980190609251
2021-07-01 16:00:00+00:00,14057.0,20840.0,0.6745201535508637
2021-07-01 16:30:00+00:00,13422.0,21672.0,0.6193244739756367
2021-07-01 17:00:00+00:00,12926.0,21835.0,0.5919853446301809
2021-07-01 17:30:00+00:00,12123.0,21838.0,0.5551332539609855
2021-07-01 18:00:00+00:00,11526.0,21993.0,0.5240758423134634
2021-07-01 18:30:00+00:00,11096.0,22301.0,0.4975561634007444
2021-07-01 19:00:00+00:00,10509.0,22379.0,0.4695920282407614
2021-07-01 19:30:00+00:00,9465.0,22539.0,0.419938772793824
2021-07-01 20:00:00+00:00,8806.0,22496.0,0.39144736842105265
2021-07-01 20:30:00+00:00,8632.9,21930.0,0.39365709074327404
2021-07-01 21:00:00+00:00,8219.118,21735.0,0.3781512767425811
2021-07-01 21:30:00+00:00,7865.00000901,21454.0,0.3665983037666636
2021-07-01 22:00:00+00:00,7719.0,20120.0,0.38364811133200794
2021-07-01 22:30:00+00:00,7722.0,18055.0,0.427693159789532
2021-07-01 23:00:00+00:00,7413.0,17035.0,0.435162899911946
2021-07-01 23:30:00+00:00,7333.0,16706.0,0.4389440919430145
2021-07-02 00:00:00+00:00,7330.0,16260.0,0.45079950799507995
2021-07-02 00:30:00+00:00,7357.0,15867.0,0.4636667296905527
2021-07-02 01:00:00+00:00,7292.0,15515.0,0.46999677731227846
2021-07-02 01:30:00+00:00,7268.0,15480.0,0.4695090439276486
2021-07-02 02:00:00+00:00,7242.0,15544.0,0.46590324240864645
2021-07-02 02:30:00+00:00,7215.0,15483.0,0.4659949622166247
2021-07-02 03:00:00+00:00,7173.0,15364.0,0.4668706066128612
2021-07-02 03:30:00+00:00,7169.000529,15179.0,0.4722972876342315
2021-07-02 04:00:00+00:00,7129.441,15141.0,0.47086988970345417
2021-07-02 04:30:00+00:00,7058.9,15331.0,0.4604331093862109
2021-07-02 05:00:00+00:00,7180.0,15708.0,0.457091927680163
2021-07-02 05:30:00+00:00,7367.0,17007.0,0.43317457517492797
2021-07-02 06:00:00+00:00,7817.0,18468.0,0.42327268789257094
2021-07-02 06:30:00+00:00,8507.0,20511.0,0.4147530593340159
2021-07-02 07:00:00+00:00,9258.0,21381.0,0.4330012628034236
2021-07-02 07:30:00+00:00,10525.0,21858.0,0.4815170646902736
2021-07-02 08:00:00+00:00,11229.0,22090.0,0.5083295608872793
2021-07-02 08:30:00+00:00,12011.0,22203.0,0.5409629329369905
2021-07-02 09:00:00+00:00,12052.0,22317.0,0.5400367432898687
2021-07-02 09:30:00+00:00,12237.0,22453.0,0.5450051218100032
2021-07-02 10:00:00+00:00,12897.0,22137.0,0.5825992681935221
2021-07-02 10:30:00+00:00,13280.0,22051.0,0.6022402612126434
2021-07-02 11:00:00+00:00,13669.0,22123.0,0.6178637616959726
2021-07-02 11:30:00+00:00,13953.0,22126.0,0.6306155653981741
2021-07-02 12:00:00+00:00,14100.0,21825.0,0.6460481099656358
2021-07-02 12:30:00+00:00,13802.0,21651.0,0.6374763290379197
2021-07-02 13:00:00+00:00,14150.0,21393.0,0.6614313093067826
2021-07-02 13:30:00+00:00,13968.0,20902.0,0.6682614103913501
2021-07-02 14:00:00+00:00,13274.0,20495.0,0.6476701634545011
2021-07-02 14:30:00+00:00,12795.0,20467.0,0.6251526848096937
2021-07-02 15:00:00+00:00,12755.0,20675.0,0.6169286577992745
2021-07-02 15:30:00+00:00,12521.0,20959.0,0.5974044563194809
2021-07-02 16:00:00+00:00,11972.0,21314.0,0.5616965374870977
2021-07-02 16:30:00+00:00,11685.0,21704.0,0.538380022115739
2021-07-02 17:00:00+00:00,11284.0,21782.0,0.5180424203470756
2021-07-02 17:30:00+00:00,11000.0,21710.0,0.5066789497927222
2021-07-02 18:00:00+00:00,10545.0,21594.0,0.4883300916921367
2021-07-02 18:30:00+00:00,10009.0,21542.0,0.46462723981060255
2021-07-02 19:00:00+00:00,9402.0,21413.0,0.43907906411992714
2021-07-02 19:30:00+00:00,8827.0,21231.0,0.4157599736234751
2021-07-02 20:00:00+00:00,8608.5,20857.0,0.41273912835019416
2021-07-02 20:30:00+00:00,8752.880000000001,20252.0,0.4321983014023307
2021-07-02 21:00:00+00:00,8467.54,19816.0,0.42730823576907556
2021-07-02 21:30:00+00:00,8531.833,19183.0,0.44476010008862016
2021-07-02 22:00:00+00:00,8618.0,17883.0,0.48191019403903146
2021-07-02 22:30:00+00:00,8624.0,16163.0,0.5335643135556518
2021-07-02 23:00:00+00:00,8555.0,15063.0,0.5679479519352054
2021-07-02 23:30:00+00:00,8678.0,13842.0,0.626932524201705
2021-07-03 00:00:00+00:00,8848.0,13054.0,0.6777999080741535
2021-07-03 00:30:00+00:00,8843.0,12942.0,0.6832792458661722
2021-07-03 01:00:00+00:00,8859.0,12768.0,0.6938439849624061
2021-07-03 01:30:00+00:00,8836.0,12696.0,0.6959672337744172
2021-07-03 02:00:00+00:00,8740.0,12506.0,0.6988645450183911
2021-07-03 02:30:00+00:00,8583.0,12484.0,0.68752002563281
2021-07-03 03:00:00+00:00,8581.0,12416.0,0.6911243556701031
2021-07-03 03:30:00+00:00,8626.008829999999,12222.0,0.7057771911307478
2021-07-03 04:00:00+00:00,8712.14,11975.0,0.7275273486430062
2021-07-03 04:30:00+00:00,8754.93,11836.0,0.7396865495099696
2021-07-03 05:00:00+00:00,8759.6,11984.0,0.7309412550066756
2021-07-03 05:30:00+00:00,8880.0,12250.0,0.7248979591836735
2021-07-03 06:00:00+00:00,9137.0,12777.0,0.7151130938404946
2021-07-03 06:30:00+00:00,9719.0,13660.0,0.711493411420205
2021-07-03 07:00:00+00:00,10169.0,14624.0,0.6953637855579868
2021-07-03 07:30:00+00:00,10569.0,16190.0,0.6528103767757876
2021-07-03 08:00:00+00:00,10992.0,17043.0,0.6449568737898257
2021-07-03 08:30:00+00:00,11615.0,17666.0,0.6574776406656855
2021-07-03 09:00:00+00:00,11844.0,17854.0,0.6633807550128823
2021-07-03 09:30:00+00:00,12102.0,17945.0,0.6743939816104765
2021-07-03 10:00:00+00:00,12057.0,18184.0,0.6630554333479982
2021-07-03 10:30:00+00:00,12637.0,17995.0,0.7022506251736593
2021-07-03 11:00:00+00:00,13386.0,17782.0,0.7527837138679564
2021-07-03 11:30:00+00:00,13950.0,17556.0,0.7946001367053999
2021-07-03 12:00:00+00:00,14510.0,17033.0,0.8518757705630248
2021-07-03 12:30:00+00:00,14953.0,16418.0,0.9107686685345353
2021-07-03 13:00:00+00:00,14637.0,16006.0,0.9144695739097838
2021-07-03 13:30:00+00:00,15305.0,15350.0,0.9970684039087948
2021-07-03 14:00:00+00:00,15108.0,15175.0,0.9955848434925865
2021-07-03 14:30:00+00:00,14983.0,15056.0,0.9951514346439958
2021-07-03 15:00:00+00:00,15149.0,15054.0,1.0063106151189052
2021-07-03 15:30:00+00:00,15297.0,15362.0,0.995768780106757
2021-07-03 16:00:00+00:00,15295.0,15980.0,0.9571339173967459
2021-07-03 16:30:00+00:00,15074.0,16577.0,0.9093322072751403
2021-07-03 17:00:00+00:00,14148.0,17206.0,0.822271300709055
2021-07-03 17:30:00+00:00,13392.0,17541.0,0.7634684453565931
2021-07-03 18:00:00+00:00,12643.0,17634.0,0.716967222411251
2021-07-03 18:30:00+00:00,12054.0,17645.0,0.6831396996316237
2021-07-03 19:00:00+00:00,11575.0,17457.0,0.6630577991636593
2021-07-03 19:30:00+00:00,11095.0,16904.0,0.6563535257927118
2021-07-03 20:00:00+00:00,11114.4,16347.0,0.6799045696458066
2021-07-03 20:30:00+00:00,11247.57,15560.0,0.7228515424164524
2021-07-03 21:00:00+00:00,10864.42,15439.0,0.7036997214845521
2021-07-03 21:30:00+00:00,10828.04,15472.0,0.6998474663908998
2021-07-03 22:00:00+00:00,10816.0,14830.0,0.7293324342548887
2021-07-03 22:30:00+00:00,10825.0,13491.0,0.8023867763694315
2021-07-03 23:00:00+00:00,10446.0,12856.0,0.8125388923459863
2021-07-03 23:30:00+00:00,10056.0,12144.0,0.8280632411067194
2021-07-04 00:00:00+00:00,9813.0,11636.0,0.8433310415950498
2021-07-04 00:30:00+00:00,9771.0,11278.0,0.8663770172016315
2021-07-04 01:00:00+00:00,9816.0,11073.0,0.8864806285559469
2021-07-04 01:30:00+00:00,9797.0,10643.0,0.9205111340787372
2021-07-04 02:00:00+00:00,9844.0,10467.0,0.9404796025604281
2021-07-04 02:30:00+00:00,9470.0,10648.0,0.8893688955672426
2021-07-04 03:00:00+00:00,9196.0,10820.0,0.8499075785582255
2021-07-04 03:30:00+00:00,9009.0,10854.0,0.8300165837479271
2021-07-04 04:00:00+00:00,8778.649,10855.0,0.8087193919852602
2021-07-04 04:30:00+00:00,8767.1,10802.0,0.8116182188483615
2021-07-04 05:00:00+00:00,8884.0,10730.0,0.8279589934762348
2021-07-04 05:30:00+00:00,9277.0,10421.0,0.8902216677862009
2021-07-04 06:00:00+00:00,9568.0,10957.0,0.8732317240120471
2021-07-04 06:30:00+00:00,10039.0,11605.0,0.8650581645842309
2021-07-04 07:00:00+00:00,10415.0,12332.0,0.8445507622445669
2021-07-04 07:30:00+00:00,10926.0,13829.0,0.790078819871285
2021-07-04 08:00:00+00:00,11126.0,14978.0,0.7428228067832822
2021-07-04 08:30:00+00:00,11440.0,16010.0,0.7145534041224235
2021-07-04 09:00:00+00:00,12042.0,16608.0,0.7250722543352601
2021-07-04 09:30:00+00:00,12051.0,17249.0,0.6986491970549017
2021-07-04 10:00:00+00:00,12498.0,17388.0,0.7187715665976535
2021-07-04 10:30:00+00:00,12985.0,17293.0,0.7508818597120223
2021-07-04 11:00:00+00:00,13700.0,17093.0,0.8014976891125022
2021-07-04 11:30:00+00:00,14302.0,17247.0,0.8292456659129124
2021-07-04 12:00:00+00:00,14506.0,17134.0,0.8466207540562624
2021-07-04 12:30:00+00:00,13987.0,16857.0,0.8297443198671175
2021-07-04 13:00:00+00:00,14263.0,16681.0,0.8550446615910318
2021-07-04 13:30:00+00:00,13548.0,16564.0,0.817918377203574
2021-07-04 14:00:00+00:00,13859.0,16270.0,0.8518131530424093
2021-07-04 14:30:00+00:00,13258.0,16451.0,0.8059084554130448
2021-07-04 15:00:00+00:00,13371.0,16785.0,0.7966041108132261
2021-07-04 15:30:00+00:00,13646.0,17015.0,0.8019982368498384
2021-07-04 16:00:00+00:00,13679.0,17424.0,0.7850665748393021
2021-07-04 16:30:00+00:00,13692.0,17862.0,0.7665435001679544
2021-07-04 17:00:00+00:00,13512.0,17748.0,0.7613252197430697
2021-07-04 17:30:00+00:00,13112.0,17777.0,0.7375822692242786
2021-07-04 18:00:00+00:00,12910.0,17611.0,0.7330645619215264
2021-07-04 18:30:00+00:00,12862.0,17200.0,0.7477906976744186
2021-07-04 19:00:00+00:00,12825.0,16638.0,0.7708258204111071
2021-07-04 19:30:00+00:00,12063.0,16779.0,0.7189343822635437
2021-07-04 20:00:00+00:00,11602.3,16647.0,0.6969604132876794
2021-07-04 20:30:00+00:00,11697.24,15830.0,0.7389286165508528
2021-07-04 21:00:00+00:00,11545.936,15215.0,0.758852185343411
2021-07-04 21:30:00+00:00,11933.15,14520.0,0.8218422865013774
2021-07-04 22:00:00+00:00,11929.0,13701.0,0.8706663747171739
2021-07-04 22:30:00+00:00,12197.0,11640.0,1.047852233676976
2021-07-04 23:00:00+00:00,12074.0,10317.0,1.1703014442182804
2021-07-04 23:30:00+00:00,11870.0,9701.0,1.2235851974023297
2021-07-05 00:00:00+00:00,12071.0,9111.0,1.3248820107562287
2021-07-05 00:30:00+00:00,12348.0,9137.0,1.3514282587282478
2021-07-05 01:00:00+00:00,12578.0,8931.0,1.408352928003583
2021-07-05 01:30:00+00:00,12590.0,8538.0,1.4745842117591943
2021-07-05 02:00:00+00:00,12185.0,8672.0,1.4050968634686347
2021-07-05 02:30:00+00:00,11904.0,8785.0,1.3550369948776324
2021-07-05 03:00:00+00:00,12088.0,8585.0,1.4080372743156668
2021-07-05 03:30:00+00:00,12410.0,8316.0,1.4923039923039922
2021-07-05 04:00:00+00:00,12443.000657,7997.0,1.5559585665874704
2021-07-05 04:30:00+00:00,12177.31,7902.0,1.541041508478866
2021-07-05 05:00:00+00:00,12629.0,8191.0,1.541814186302039
2021-07-05 05:30:00+00:00,12762.0,10218.0,1.2489724016441575
2021-07-05 06:00:00+00:00,12991.0,12317.0,1.0547211171551514
2021-07-05 06:30:00+00:00,13255.0,14897.0,0.8897764650600792
2021-07-05 07:00:00+00:00,13717.0,15954.0,0.8597843800927667
2021-07-05 07:30:00+00:00,14031.0,17480.0,0.8026887871853547
2021-07-05 08:00:00+00:00,14795.0,17731.0,0.8344143026338052
2021-07-05 08:30:00+00:00,15666.0,17845.0,0.877892967217708
2021-07-05 09:00:00+00:00,15748.0,17911.0,0.8792362235497739
2021-07-05 09:30:00+00:00,15895.0,17894.0,0.8882865765060914
2021-07-05 10:00:00+00:00,16185.0,17705.0,0.9141485456085852
2021-07-05 10:30:00+00:00,16226.0,17905.0,0.9062273108070371
2021-07-05 11:00:00+00:00,16586.0,17864.0,0.9284594715629199
2021-07-05 11:30:00+00:00,17087.0,17683.0,0.9662953118814681
2021-07-05 12:00:00+00:00,17186.0,17552.0,0.979147675478578
2021-07-05 12:30:00+00:00,17388.0,17709.0,0.9818736235812299
2021-07-05 13:00:00+00:00,17103.0,17526.0,0.9758644299897296
2021-07-05 13:30:00+00:00,16522.0,17663.0,0.9354016871426145
2021-07-05 14:00:00+00:00,15732.0,17937.0,0.8770697441043652
2021-07-05 14:30:00+00:00,15140.0,18270.0,0.8286808976464148
2021-07-05 15:00:00+00:00,14532.0,19099.0,0.7608775328551233
2021-07-05 15:30:00+00:00,14059.0,20018.0,0.7023179138775102
2021-07-05 16:00:00+00:00,13964.0,20663.0,0.675797318879156
2021-07-05 16:30:00+00:00,13799.0,20837.0,0.6622354465614052
2021-07-05 17:00:00+00:00,13169.0,21565.0,0.6106654300950615
2021-07-05 17:30:00+00:00,12456.0,21753.0,0.5726106743897393
2021-07-05 18:00:00+00:00,12208.0,21706.0,0.5624251359071225
2021-07-05 18:30:00+00:00,12048.0,21372.0,0.5637282425603594
2021-07-05 19:00:00+00:00,11925.0,20850.0,0.5719424460431655
2021-07-05 19:30:00+00:00,11108.0,21036.0,0.5280471572542308
2021-07-05 20:00:00+00:00,10704.3,20690.0,0.5173658772353794
2021-07-05 20:30:00+00:00,10595.95,20065.0,0.5280812359830551
2021-07-05 21:00:00+00:00,10948.01,18825.0,0.5815675962815405
2021-07-05 21:30:00+00:00,11150.278,17153.0,0.6500482714393984
2021-07-05 22:00:00+00:00,11499.0,15276.0,0.7527494108405341
2021-07-05 22:30:00+00:00,11336.0,13655.0,0.8301720981325522
2021-07-05 23:00:00+00:00,11454.0,12168.0,0.9413214990138067
2021-07-05 23:30:00+00:00,11556.0,11102.0,1.0408935326968114
2021-07-06 00:00:00+00:00,11447.0,10713.0,1.0685148884532811
2021-07-06 00:30:00+00:00,11098.0,10415.0,1.0655784925588094
2021-07-06 01:00:00+00:00,11180.0,10255.0,1.0901999024865918
2021-07-06 01:30:00+00:00,11766.0,10064.0,1.1691176470588236
2021-07-06 02:00:00+00:00,12064.0,9542.0,1.2643051771117166
2021-07-06 02:30:00+00:00,11941.0,9415.0,1.2682952734997344
2021-07-06 03:00:00+00:00,12083.0,9530.0,1.267890870933893
2021-07-06 03:30:00+00:00,12155.0,9351.0,1.2998609774355685
2021-07-06 04:00:00+00:00,12322.167,9161.0,1.3450678965178473
2021-07-06 04:30:00+00:00,12791.8,8821.0,1.4501530438725767
2021-07-06 05:00:00+00:00,13234.0,9020.0,1.4671840354767185
2021-07-06 05:30:00+00:00,13682.0,9900.0,1.382020202020202
2021-07-06 06:00:00+00:00,14428.0,11058.0,1.3047567372038342
2021-07-06 06:30:00+00:00,14792.0,13375.0,1.105943925233645
2021-07-06 07:00:00+00:00,15227.0,14637.0,1.040308806449409
2021-07-06 07:30:00+00:00,15782.0,15568.0,1.0137461459403905
2021-07-06 08:00:00+00:00,16144.0,16035.0,1.0067976301839725
2021-07-06 08:30:00+00:00,16417.0,16100.0,1.0196894409937889
2021-07-06 09:00:00+00:00,16795.0,15966.0,1.0519228360265565
2021-07-06 09:30:00+00:00,16888.0,16048.0,1.0523429710867398
2021-07-06 10:00:00+00:00,17194.0,15981.0,1.0759026343783242
2021-07-06 10:30:00+00:00,17242.0,15877.0,1.0859734206714116
2021-07-06 11:00:00+00:00,17847.0,16275.0,1.096589861751152
2021-07-06 11:30:00+00:00,17289.0,16090.0,1.0745183343691733
2021-07-06 12:00:00+00:00,17753.0,16074.0,1.104454398407366
2021-07-06 12:30:00+00:00,17755.0,15533.0,1.1430502800489282
2021-07-06 13:00:00+00:00,18811.0,14804.0,1.2706700891650906
2021-07-06 13:30:00+00:00,18974.0,14231.0,1.3332864872461527
2021-07-06 14:00:00+00:00,19947.0,13567.0,1.470258716002064
2021-07-06 14:30:00+00:00,19272.0,13502.0,1.4273440971707896
2021-07-06 15:00:00+00:00,18685.0,13892.0,1.3450187158076592
2021-07-06 15:30:00+00:00,17967.0,14486.0,1.2403009802567997
2021-07-06 16:00:00+00:00,18078.0,15063.0,1.2001593308105956
2021-07-06 16:30:00+00:00,17962.0,15541.0,1.1557814812431633
2021-07-06 17:00:00+00:00,17164.0,16122.0,1.0646321796303189
2021-07-06 17:30:00+00:00,16586.0,16646.0,0.9963955304577676
2021-07-06 18:00:00+00:00,16095.0,16718.0,0.9627347768871874
2021-07-06 18:30:00+00:00,15339.0,16616.0,0.9231463649494464
2021-07-06 19:00:00+00:00,14796.0,16574.0,0.8927235428985157
2021-07-06 19:30:00+00:00,13696.0,16389.0,0.8356824699493562
2021-07-06 20:00:00+00:00,13841.6,15835.0,0.8741143037574992
2021-07-06 20:30:00+00:00,13445.55,15559.0,0.8641654347965807
2021-07-06 21:00:00+00:00,13427.736,15020.0,0.8939904127829561
2021-07-06 21:30:00+00:00,13544.551,14310.0,0.9465095038434661
2021-07-06 22:00:00+00:00,13298.0,13603.0,0.9775784753363229
2021-07-06 22:30:00+00:00,12832.0,12317.0,1.0418121295770073
2021-07-06 23:00:00+00:00,12980.0,10404.0,1.247597078046905
2021-07-06 23:30:00+00:00,13069.0,9188.0,1.42239878101872
2021-07-07 00:00:00+00:00,13127.0,8516.0,1.5414513856270549
2021-07-07 00:30:00+00:00,13384.0,8693.0,1.5396295870240424
2021-07-07 01:00:00+00:00,13449.0,8838.0,1.521724372029871
2021-07-07 01:30:00+00:00,13391.0,8760.0,1.5286529680365297
2021-07-07 02:00:00+00:00,13295.0,8760.0,1.5176940639269407
2021-07-07 02:30:00+00:00,13134.0,8724.0,1.5055020632737277
2021-07-07 03:00:00+00:00,13098.0,8774.0,1.4928196945520857
2021-07-07 03:30:00+00:00,13050.0,8813.0,1.4807670486780893
2021-07-07 04:00:00+00:00,12842.0293,8926.0,1.438721633430428
2021-07-07 04:30:00+00:00,12593.29,8981.0,1.4022146754258993
2021-07-07 05:00:00+00:00,12646.5,9528.0,1.3272984886649875
2021-07-07 05:30:00+00:00,13185.0,10795.0,1.221398795738768
2021-07-07 06:00:00+00:00,13773.0,11940.0,1.1535175879396984
2021-07-07 06:30:00+00:00,14028.0,14781.0,0.9490562208240308
2021-07-07 07:00:00+00:00,13831.0,16546.0,0.8359120029010033
2021-07-07 07:30:00+00:00,14530.0,17779.0,0.8172563136284381
2021-07-07 08:00:00+00:00,15111.0,18071.0,0.8362016490509656
2021-07-07 08:30:00+00:00,15864.0,18000.0,0.8813333333333333
2021-07-07 09:00:00+00:00,16428.0,17590.0,0.9339397384877771
2021-07-07 09:30:00+00:00,16985.0,17243.0,0.9850374064837906
2021-07-07 10:00:00+00:00,17066.0,17377.0,0.9821027795361685
2021-07-07 10:30:00+00:00,17680.0,17065.0,1.036038675651919
2021-07-07 11:00:00+00:00,18083.0,17176.0,1.052806241266884
2021-07-07 11:30:00+00:00,18037.0,17342.0,1.0400761157882596
2021-07-07 12:00:00+00:00,18341.0,17580.0,1.043287827076223
2021-07-07 12:30:00+00:00,17892.0,17485.0,1.0232770946525593
2021-07-07 13:00:00+00:00,17838.0,17246.0,1.0343268004174881
2021-07-07 13:30:00+00:00,17329.0,17161.0,1.0097896392984091
2021-07-07 14:00:00+00:00,17366.0,16873.0,1.029218277721804
2021-07-07 14:30:00+00:00,17174.0,16809.0,1.0217145576774347
2021-07-07 15:00:00+00:00,16740.0,17154.0,0.9758656873032528
2021-07-07 15:30:00+00:00,16570.0,17506.0,0.946532617388324
2021-07-07 16:00:00+00:00,15897.0,18220.0,0.8725027442371021
2021-07-07 16:30:00+00:00,15905.0,19012.0,0.8365768988007574
2021-07-07 17:00:00+00:00,15380.0,19377.0,0.7937245187593539
2021-07-07 17:30:00+00:00,14744.0,19513.0,0.7555988315481986
2021-07-07 18:00:00+00:00,13803.0,19662.0,0.702014037229173
2021-07-07 18:30:00+00:00,12962.0,19567.0,0.6624418664077273
2021-07-07 19:00:00+00:00,12142.0,19620.0,0.6188583078491335
2021-07-07 19:30:00+00:00,11272.0,19322.0,0.5833764620639685
2021-07-07 20:00:00+00:00,11377.0,18655.0,0.6098633074242831
2021-07-07 20:30:00+00:00,10762.0,18330.0,0.5871249318057828
2021-07-07 21:00:00+00:00,10720.119999999999,17713.0,0.6052119911929091
2021-07-07 21:30:00+00:00,10496.00271,17521.0,0.5990527201643742
2021-07-07 22:00:00+00:00,10422.0,17039.0,0.611655613592347
2021-07-07 22:30:00+00:00,9727.0,16404.0,0.5929651304559863
2021-07-07 23:00:00+00:00,9478.0,14965.0,0.6333444704310057
2021-07-07 23:30:00+00:00,9558.0,14390.0,0.6642112578179291
2021-07-08 00:00:00+00:00,9577.0,14141.0,0.6772505480517643
2021-07-08 00:30:00+00:00,9188.0,14241.0,0.645179411558177
2021-07-08 01:00:00+00:00,8829.0,14381.0,0.613935053195188
2021-07-08 01:30:00+00:00,8747.0,14098.0,0.620442615973897
2021-07-08 02:00:00+00:00,8852.0,13722.0,0.645095467133071
2021-07-08 02:30:00+00:00,8963.0,13312.0,0.6733022836538461
2021-07-08 03:00:00+00:00,9094.0,13162.0,0.6909284303297372
2021-07-08 03:30:00+00:00,8860.00266,13405.0,0.6609476061171204
2021-07-08 04:00:00+00:00,8710.082,13494.0,0.6454781384318957
2021-07-08 04:30:00+00:00,8490.6,13676.0,0.6208394267329629
2021-07-08 05:00:00+00:00,8360.0,14621.0,0.5717803159838588
2021-07-08 05:30:00+00:00,8768.0,15304.0,0.5729221118661788
2021-07-08 06:00:00+00:00,9390.0,16953.0,0.5538842682711025
2021-07-08 06:30:00+00:00,9968.0,19046.0,0.5233644859813084
2021-07-08 07:00:00+00:00,10771.0,20219.0,0.5327167515703052
2021-07-08 07:30:00+00:00,11287.0,21567.0,0.5233458524597765
2021-07-08 08:00:00+00:00,12164.0,21665.0,0.5614585737364413
2021-07-08 08:30:00+00:00,12437.0,21749.0,0.5718423835578648
2021-07-08 09:00:00+00:00,12700.0,21835.0,0.5816349896954431
2021-07-08 09:30:00+00:00,13064.0,21824.0,0.5986070381231672
2021-07-08 10:00:00+00:00,6585.0,7628.0,0.8632669113791295
2021-07-08 10:30:00+00:00,5270.0,4936.0,1.0676661264181524
2021-07-08 11:00:00+00:00,5600.0,4986.0,1.1231448054552748
2021-07-08 11:30:00+00:00,10053.0,13531.0,0.7429606089719902
2021-07-08 12:00:00+00:00,14184.0,21739.0,0.6524679148074889
2021-07-08 12:30:00+00:00,14273.0,21516.0,0.6633667968023796
2021-07-08 13:00:00+00:00,14549.0,21294.0,0.6832441063210294
2021-07-08 13:30:00+00:00,14373.0,21421.0,0.6709770785677606
2021-07-08 14:00:00+00:00,13505.0,21465.0,0.6291637549499185
2021-07-08 14:30:00+00:00,13431.0,21452.0,0.6260954689539436
2021-07-08 15:00:00+00:00,13017.0,21623.0,0.6019978726356194
2021-07-08 15:30:00+00:00,12637.0,21923.0,0.5764265839529261
2021-07-08 16:00:00+00:00,12588.0,22212.0,0.5667206915180983
2021-07-08 16:30:00+00:00,12604.0,22453.0,0.5613503763416915
2021-07-08 17:00:00+00:00,12195.0,22576.0,0.5401754075124026
2021-07-08 17:30:00+00:00,11706.0,22614.0,0.5176439373839214
2021-07-08 18:00:00+00:00,11460.0,22423.0,0.5110823707800026
2021-07-08 18:30:00+00:00,11014.0,22411.0,0.49145508901878543
2021-07-08 19:00:00+00:00,10377.0,22390.0,0.46346583296114335
2021-07-08 19:30:00+00:00,9538.0,22415.0,0.4255186259201428
2021-07-08 20:00:00+00:00,8893.0,22381.0,0.3973459630936955
2021-07-08 20:30:00+00:00,8287.880000000001,22246.0,0.37255596511732453
2021-07-08 21:00:00+00:00,7922.0093799999995,22153.0,0.35760435968040444
2021-07-08 21:30:00+00:00,7732.0106,21803.0,0.3546305829473008
2021-07-08 22:00:00+00:00,7529.0,20636.0,0.36484783872843574
2021-07-08 22:30:00+00:00,7465.0,18863.0,0.3957482903037693
2021-07-08 23:00:00+00:00,7031.0,17897.0,0.39285913840308434
2021-07-08 23:30:00+00:00,6811.0,17238.0,0.39511544262675485
2021-07-09 00:00:00+00:00,6767.0,16848.0,0.4016500474833808
2021-07-09 00:30:00+00:00,6733.0,16423.0,0.40997381720757475
2021-07-09 01:00:00+00:00,6657.0,16370.0,0.406658521686011
2021-07-09 01:30:00+00:00,6604.0,16563.0,0.39872003864034294
2021-07-09 02:00:00+00:00,6612.0,16466.0,0.4015547188145269
2021-07-09 02:30:00+00:00,6610.0,16263.0,0.4064440755088237
2021-07-09 03:00:00+00:00,6616.0,16211.0,0.40811794460551476
2021-07-09 03:30:00+00:00,6596.0,16221.0,0.4066333764872696
2021-07-09 04:00:00+00:00,6529.0223000000005,16409.0,0.39789276007069296
2021-07-09 04:30:00+00:00,6502.8,15749.0,0.41290240650200016
2021-07-09 05:00:00+00:00,6808.0,16213.0,0.4199099488065133
2021-07-09 05:30:00+00:00,7549.0,17282.0,0.4368128688809166
2021-07-09 06:00:00+00:00,8276.0,18427.0,0.44912356867639874
2021-07-09 06:30:00+00:00,8896.0,20523.0,0.4334648930468255
2021-07-09 07:00:00+00:00,9607.0,21468.0,0.4475032606670393
2021-07-09 07:30:00+00:00,10330.0,22406.0,0.4610372221726323
2021-07-09 08:00:00+00:00,10652.0,22749.0,0.46824036221372367
2021-07-09 08:30:00+00:00,11454.0,22748.0,0.5035167926850712
2021-07-09 09:00:00+00:00,12068.0,22471.0,0.5370477504338925
2021-07-09 09:30:00+00:00,12526.0,22259.0,0.5627386675052788
2021-07-09 10:00:00+00:00,12774.0,22134.0,0.5771211710490648
2021-07-09 10:30:00+00:00,13130.0,21827.0,0.6015485407980941
2021-07-09 11:00:00+00:00,13318.0,22117.0,0.60216123344034
2021-07-09 11:30:00+00:00,13496.0,22235.0,0.6069709916797841
2021-07-09 12:00:00+00:00,13310.0,22097.0,0.6023442096212156
2021-07-09 12:30:00+00:00,13272.0,21974.0,0.6039865295349048
2021-07-09 13:00:00+00:00,13169.0,21799.0,0.6041102802880866
2021-07-09 13:30:00+00:00,12704.0,21967.0,0.5783220284972914
2021-07-09 14:00:00+00:00,12061.0,21700.0,0.5558064516129032
2021-07-09 14:30:00+00:00,11871.0,21706.0,0.5468994747995946
2021-07-09 15:00:00+00:00,11758.0,21983.0,0.5348678524314243
2021-07-09 15:30:00+00:00,11702.0,21851.0,0.5355361310695163
2021-07-09 16:00:00+00:00,11421.0,22092.0,0.5169744703965237
2021-07-09 16:30:00+00:00,11159.0,22496.0,0.4960437411095306
2021-07-09 17:00:00+00:00,10827.0,22823.0,0.4743898698681155
2021-07-09 17:30:00+00:00,10341.0,22926.0,0.4510599319549856
2021-07-09 18:00:00+00:00,10029.0,22847.0,0.4389635400709065
2021-07-09 18:30:00+00:00,9640.0,22682.0,0.4250066131734415
2021-07-09 19:00:00+00:00,9062.0,22732.0,0.3986450818229808
2021-07-09 19:30:00+00:00,8443.0,22470.0,0.3757454383622608
2021-07-09 20:00:00+00:00,8112.4,22190.0,0.365588102748986
2021-07-09 20:30:00+00:00,7957.79,21877.0,0.36375142844082825
2021-07-09 21:00:00+00:00,8054.368,21633.0,0.37231858734341056
2021-07-09 21:30:00+00:00,8011.531,21116.0,0.37940571130896
2021-07-09 22:00:00+00:00,7511.0,20199.0,0.37185009158869253
2021-07-09 22:30:00+00:00,7030.0,19049.0,0.36904824400230984
2021-07-09 23:00:00+00:00,6900.0,17804.0,0.38755335879577624
2021-07-09 23:30:00+00:00,6914.0,16751.0,0.4127514775237299
2021-07-10 00:00:00+00:00,6861.0,15848.0,0.43292529025744575
2021-07-10 00:30:00+00:00,6924.0,15530.0,0.44584674822923376
2021-07-10 01:00:00+00:00,7056.0,15304.0,0.4610559330893884
2021-07-10 01:30:00+00:00,7095.0,15316.0,0.46324105510577174
2021-07-10 02:00:00+00:00,7069.0,15216.0,0.46457676130389064
2021-07-10 02:30:00+00:00,7081.0,14846.0,0.4769634918496565
2021-07-10 03:00:00+00:00,7058.0,14818.0,0.4763125927925496
2021-07-10 03:30:00+00:00,7040.0,14976.0,0.4700854700854701
2021-07-10 04:00:00+00:00,7032.0103,14798.0,0.4752000473036897
2021-07-10 04:30:00+00:00,7080.0,14675.0,0.48245315161839863
2021-07-10 05:00:00+00:00,7120.6,14866.0,0.4789856047356384
2021-07-10 05:30:00+00:00,7184.0,15089.0,0.4761084233547617
2021-07-10 06:00:00+00:00,7318.0,15855.0,0.46155786818038474
2021-07-10 06:30:00+00:00,7511.0,16603.0,0.45238812262844064
2021-07-10 07:00:00+00:00,7768.0,17582.0,0.44181549311796153
2021-07-10 07:30:00+00:00,8188.0,19282.0,0.4246447463956021
2021-07-10 08:00:00+00:00,8464.0,20056.0,0.42201834862385323
2021-07-10 08:30:00+00:00,8930.0,20678.0,0.4318599477705774
2021-07-10 09:00:00+00:00,9583.0,20820.0,0.46027857829010566
2021-07-10 09:30:00+00:00,10452.0,20700.0,0.504927536231884
2021-07-10 10:00:00+00:00,10593.0,20765.0,0.5101372501805923
2021-07-10 10:30:00+00:00,10239.0,20791.0,0.49247270453561637
2021-07-10 11:00:00+00:00,10608.0,20704.0,0.5123647604327666
2021-07-10 11:30:00+00:00,10820.0,20764.0,0.5210942015026007
2021-07-10 12:00:00+00:00,10832.0,20564.0,0.5267457693055826
2021-07-10 12:30:00+00:00,10567.0,20482.0,0.515916414412655
2021-07-10 13:00:00+00:00,10400.0,20081.0,0.5179024948956725
2021-07-10 13:30:00+00:00,10348.0,19882.0,0.5204707775877678
2021-07-10 14:00:00+00:00,10277.0,19709.0,0.5214369069968035
2021-07-10 14:30:00+00:00,10288.0,19630.0,0.524095771777891
2021-07-10 15:00:00+00:00,10256.0,19611.0,0.522971801539952
2021-07-10 15:30:00+00:00,9999.0,19864.0,0.503372935964559
2021-07-10 16:00:00+00:00,9888.0,20154.0,0.4906222089907711
2021-07-10 16:30:00+00:00,10036.0,20732.0,0.48408257765772716
2021-07-10 17:00:00+00:00,10020.0,20806.0,0.4815918485052389
2021-07-10 17:30:00+00:00,9856.0,20850.0,0.4727098321342926
2021-07-10 18:00:00+00:00,9690.0,20824.0,0.4653284671532847
2021-07-10 18:30:00+00:00,9004.0,20971.0,0.4293548233274522
2021-07-10 19:00:00+00:00,8720.0,20882.0,0.4175845225553108
2021-07-10 19:30:00+00:00,8018.0,20684.0,0.3876426223167666
2021-07-10 20:00:00+00:00,7718.0,20510.0,0.37630424183325206
2021-07-10 20:30:00+00:00,7501.0,20412.0,0.3674799137762101
2021-07-10 21:00:00+00:00,7418.09,20347.0,0.3645790534231091
2021-07-10 21:30:00+00:00,7306.23,20259.0,0.3606411965052569
2021-07-10 22:00:00+00:00,6667.0,19840.0,0.3360383064516129
2021-07-10 22:30:00+00:00,6557.0,18448.0,0.3554314830875976
2021-07-10 23:00:00+00:00,6377.0,17380.0,0.36691599539700803
2021-07-10 23:30:00+00:00,6539.0,16184.0,0.40404102817597626
2021-07-11 00:00:00+00:00,6590.0,15323.0,0.43007244012269136
2021-07-11 00:30:00+00:00,6637.0,14639.0,0.4533779629756131
2021-07-11 01:00:00+00:00,6799.0,14280.0,0.4761204481792717
2021-07-11 01:30:00+00:00,6843.0,14190.0,0.4822410147991543
2021-07-11 02:00:00+00:00,6802.0,14043.0,0.48436943673004346
2021-07-11 02:30:00+00:00,6701.0,13885.0,0.482607129996399
2021-07-11 03:00:00+00:00,6761.0,13869.0,0.48749008580286973
2021-07-11 03:30:00+00:00,6720.0,13775.0,0.48784029038112525
2021-07-11 04:00:00+00:00,6675.0205000000005,13596.0,0.49095472933215656
2021-07-11 04:30:00+00:00,6618.1,13497.0,0.4903385937615767
2021-07-11 05:00:00+00:00,6735.0,13551.0,0.49701129067965466
2021-07-11 05:30:00+00:00,7238.0,13710.0,0.5279358132749817
2021-07-11 06:00:00+00:00,7795.0,14021.0,0.5559517866058056
2021-07-11 06:30:00+00:00,8244.0,14668.0,0.5620398145623126
2021-07-11 07:00:00+00:00,8645.0,14985.0,0.5769102435769102
2021-07-11 07:30:00+00:00,9238.0,15533.0,0.5947337925706561
2021-07-11 08:00:00+00:00,9933.0,16002.0,0.6207349081364829
2021-07-11 08:30:00+00:00,10589.0,16860.0,0.6280545670225386
2021-07-11 09:00:00+00:00,11059.0,17309.0,0.6389161707782078
2021-07-11 09:30:00+00:00,11707.0,17354.0,0.674599515961738
2021-07-11 10:00:00+00:00,11845.0,17360.0,0.682315668202765
2021-07-11 10:30:00+00:00,12160.0,17361.0,0.7004204826910893
2021-07-11 11:00:00+00:00,12363.0,17589.0,0.7028824833702882
2021-07-11 11:30:00+00:00,11978.0,17993.0,0.665703329072417
2021-07-11 12:00:00+00:00,11594.0,18301.0,0.6335172941369324
2021-07-11 12:30:00+00:00,11739.0,18488.0,0.6349524015577672
2021-07-11 13:00:00+00:00,11387.0,18376.0,0.6196669569003047
2021-07-11 13:30:00+00:00,11413.0,18299.0,0.6236952838952948
2021-07-11 14:00:00+00:00,11390.0,18216.0,0.6252744839701362
2021-07-11 14:30:00+00:00,11051.0,18370.0,0.601578660860098
2021-07-11 15:00:00+00:00,10748.0,18819.0,0.5711249269355438
2021-07-11 15:30:00+00:00,10385.0,19342.0,0.536914486609451
2021-07-11 16:00:00+00:00,10486.0,19562.0,0.5360392597893876
2021-07-11 16:30:00+00:00,10513.0,20281.0,0.518366944430748
2021-07-11 17:00:00+00:00,10343.0,20190.0,0.5122833085685983
2021-07-11 17:30:00+00:00,10368.0,20344.0,0.5096342902084152
2021-07-11 18:00:00+00:00,9811.0,20152.0,0.4868499404525605
2021-07-11 18:30:00+00:00,9733.0,19878.0,0.48963678438474695
2021-07-11 19:00:00+00:00,9574.0,19437.0,0.49256572516334823
2021-07-11 19:30:00+00:00,8976.0,18495.0,0.48532035685320357
2021-07-11 20:00:00+00:00,8860.9,18354.0,0.4827775961643238
2021-07-11 20:30:00+00:00,8476.76,18533.0,0.45738736308206984
2021-07-11 21:00:00+00:00,8105.57,18048.0,0.4491118129432624
2021-07-11 21:30:00+00:00,8440.472,17560.0,0.4806646924829157
2021-07-11 22:00:00+00:00,8230.0,16999.0,0.4841461262427202
2021-07-11 22:30:00+00:00,8753.0,15827.0,0.5530422695393947
2021-07-11 23:00:00+00:00,8298.0,14917.0,0.5562780719983911
2021-07-11 23:30:00+00:00,7987.0,14664.0,0.5446672122204037
2021-07-12 00:00:00+00:00,7897.0,14572.0,0.5419297282459511
2021-07-12 00:30:00+00:00,7869.0,14321.0,0.5494728021786188
2021-07-12 01:00:00+00:00,7736.0,14220.0,0.5440225035161744
2021-07-12 01:30:00+00:00,7681.0,13995.0,0.5488388710253662
2021-07-12 02:00:00+00:00,7638.0,13929.0,0.5483523583889727
2021-07-12 02:30:00+00:00,7641.0,13564.0,0.563329401356532
2021-07-12 03:00:00+00:00,7599.0,13553.0,0.5606876706264295
2021-07-12 03:30:00+00:00,7591.00527,13615.0,0.5575472104296731
2021-07-12 04:00:00+00:00,7533.0,13865.0,0.5433104940497656
2021-07-12 04:30:00+00:00,7347.6990000000005,14047.0,0.5230795899480316
2021-07-12 05:00:00+00:00,7416.7,14454.0,0.5131243946312439
2021-07-12 05:30:00+00:00,7527.0,15491.0,0.4858950358272545
2021-07-12 06:00:00+00:00,7809.0,17188.0,0.4543286013497789
2021-07-12 06:30:00+00:00,8051.0,19227.0,0.4187340718780881
2021-07-12 07:00:00+00:00,8745.0,20487.0,0.4268560550593059
2021-07-12 07:30:00+00:00,9141.0,21839.0,0.4185631210220248
2021-07-12 08:00:00+00:00,9522.0,22245.0,0.4280512474713419
2021-07-12 08:30:00+00:00,10280.0,22682.0,0.45322281985715546
2021-07-12 09:00:00+00:00,10792.0,22689.0,0.47564899290405044
2021-07-12 09:30:00+00:00,11030.0,22594.0,0.4881827033725768
2021-07-12 10:00:00+00:00,11152.0,22475.0,0.49619577308120133
2021-07-12 10:30:00+00:00,11697.0,22381.0,0.5226308029131853
2021-07-12 11:00:00+00:00,11868.0,22589.0,0.5253884634113949
2021-07-12 11:30:00+00:00,12011.0,22721.0,0.5286299018529114
2021-07-12 12:00:00+00:00,12391.0,22776.0,0.544037583421145
2021-07-12 12:30:00+00:00,12246.0,22515.0,0.5439040639573618
2021-07-12 13:00:00+00:00,12138.0,22258.0,0.5453320154551172
2021-07-12 13:30:00+00:00,12201.0,22032.0,0.5537854030501089
2021-07-12 14:00:00+00:00,11929.0,21874.0,0.545350644600896
2021-07-12 14:30:00+00:00,11541.0,22287.0,0.5178355094898371
2021-07-12 15:00:00+00:00,11416.0,22646.0,0.5041066855073744
2021-07-12 15:30:00+00:00,11369.0,23157.0,0.49095305955002805
2021-07-12 16:00:00+00:00,11514.0,23320.0,0.4937392795883362
2021-07-12 16:30:00+00:00,11548.0,23413.0,0.4932302566949985
2021-07-12 17:00:00+00:00,11086.0,23391.0,0.47394296951819076
2021-07-12 17:30:00+00:00,10737.0,23388.0,0.4590815802975885
2021-07-12 18:00:00+00:00,10256.0,23338.0,0.4394549661496272
2021-07-12 18:30:00+00:00,9954.0,23155.0,0.4298855538760527
2021-07-12 19:00:00+00:00,9263.0,22918.0,0.40418012042935686
2021-07-12 19:30:00+00:00,8835.0,22740.0,0.38852242744063326
2021-07-12 20:00:00+00:00,8183.0,22512.0,0.3634950248756219
2021-07-12 20:30:00+00:00,8303.02,21822.0,0.38048849784621025
2021-07-12 21:00:00+00:00,8105.54,21421.0,0.37839223192194577
2021-07-12 21:30:00+00:00,7937.407,20430.0,0.38851722956436613
2021-07-12 22:00:00+00:00,7850.0,19359.0,0.4054961516607263
2021-07-12 22:30:00+00:00,7774.0,17594.0,0.44185517790155737
2021-07-12 23:00:00+00:00,7798.0,16153.0,0.4827586206896552
2021-07-12 23:30:00+00:00,7889.0,15242.0,0.5175829943576958
2021-07-13 00:00:00+00:00,7857.0,14933.0,0.52615013727985
2021-07-13 00:30:00+00:00,7880.0,15076.0,0.5226850623507562
2021-07-13 01:00:00+00:00,7909.0,14858.0,0.5323058285098936
2021-07-13 01:30:00+00:00,8052.0,14550.0,0.5534020618556701
2021-07-13 02:00:00+00:00,8100.0,14255.0,0.5682216766047001
2021-07-13 02:30:00+00:00,8092.0,14174.0,0.5709044729786934
2021-07-13 03:00:00+00:00,8227.0,13979.0,0.5885256456112741
2021-07-13 03:30:00+00:00,8303.006379999999,13957.0,0.5948990742996345
2021-07-13 04:00:00+00:00,8269.000145,13875.0,0.5959639744144144
2021-07-13 04:30:00+00:00,8388.8,13634.0,0.615285316121461
2021-07-13 05:00:00+00:00,8778.5,13660.0,0.6426427525622255
2021-07-13 05:30:00+00:00,8874.0,14791.0,0.5999594347914272
2021-07-13 06:00:00+00:00,9301.0,16263.0,0.5719117014081043
2021-07-13 06:30:00+00:00,9822.0,18654.0,0.5265358636217433
2021-07-13 07:00:00+00:00,10450.0,19967.0,0.5233635498572645
2021-07-13 07:30:00+00:00,11044.0,20976.0,0.5265064836003052
2021-07-13 08:00:00+00:00,11889.0,20890.0,0.5691239827668741
2021-07-13 08:30:00+00:00,12810.0,20864.0,0.613976226993865
2021-07-13 09:00:00+00:00,13417.0,20701.0,0.64813294043766
2021-07-13 09:30:00+00:00,14268.0,20080.0,0.7105577689243028
2021-07-13 10:00:00+00:00,13829.0,20097.0,0.688112653629895
2021-07-13 10:30:00+00:00,14017.0,20269.0,0.691548670383344
2021-07-13 11:00:00+00:00,14006.0,20212.0,0.6929546803878884
2021-07-13 11:30:00+00:00,14467.0,20314.0,0.7121689475238752
2021-07-13 12:00:00+00:00,14544.0,20075.0,0.7244831880448319
2021-07-13 12:30:00+00:00,14942.0,19617.0,0.7616862925014019
2021-07-13 13:00:00+00:00,15131.0,19368.0,0.781237092110698
2021-07-13 13:30:00+00:00,15611.0,19109.0,0.8169448950756188
2021-07-13 14:00:00+00:00,15235.0,18985.0,0.8024756386621017
2021-07-13 14:30:00+00:00,15199.0,18624.0,0.8160975085910653
2021-07-13 15:00:00+00:00,15178.0,18675.0,0.8127443105756359
2021-07-13 15:30:00+00:00,15112.0,18907.0,0.7992806896916486
2021-07-13 16:00:00+00:00,15037.0,19295.0,0.7793210676341021
2021-07-13 16:30:00+00:00,14855.0,19854.0,0.7482119472146671
2021-07-13 17:00:00+00:00,14467.0,19963.0,0.7246906777538447
2021-07-13 17:30:00+00:00,14336.0,19655.0,0.7293818366827779
2021-07-13 18:00:00+00:00,13778.0,19613.0,0.7024932442767552
2021-07-13 18:30:00+00:00,13495.0,19437.0,0.6942943869938777
2021-07-13 19:00:00+00:00,13167.0,19031.0,0.691871157584993
2021-07-13 19:30:00+00:00,12449.0,18808.0,0.6618991918332624
2021-07-13 20:00:00+00:00,11833.0,18681.0,0.6334243348857127
2021-07-13 20:30:00+00:00,11533.7,18649.0,0.6184621159311492
2021-07-13 21:00:00+00:00,11365.19,18155.0,0.6260088129991738
2021-07-13 21:30:00+00:00,11023.42,17580.0,0.6270432309442548
2021-07-13 22:00:00+00:00,10817.0,16409.0,0.6592114083734536
2021-07-13 22:30:00+00:00,10262.0,15316.0,0.670018281535649
2021-07-13 23:00:00+00:00,10088.0,14406.0,0.7002637789809801
2021-07-13 23:30:00+00:00,10132.0,12930.0,0.7836040216550657
2021-07-14 00:00:00+00:00,10183.0,12421.0,0.819821270429112
2021-07-14 00:30:00+00:00,10031.0,12086.0,0.8299685586629157
2021-07-14 01:00:00+00:00,10129.0,11862.0,0.8539032203675603
2021-07-14 01:30:00+00:00,10048.0,11967.0,0.8396423497952703
2021-07-14 02:00:00+00:00,9733.0,11979.0,0.8125052174638951
2021-07-14 02:30:00+00:00,10015.0,11814.0,0.8477230404604706
2021-07-14 03:00:00+00:00,10171.0,11674.0,0.8712523556621552
2021-07-14 03:30:00+00:00,10077.0,11640.0,0.8657216494845361
2021-07-14 04:00:00+00:00,10141.000367,11600.0,0.8742241695689655
2021-07-14 04:30:00+00:00,10387.4,11644.0,0.8920817588457575
2021-07-14 05:00:00+00:00,10904.0,11783.0,0.9254010014427565
2021-07-14 05:30:00+00:00,11907.0,12265.0,0.9708112515287404
2021-07-14 06:00:00+00:00,12637.0,13466.0,0.9384375464131888
2021-07-14 06:30:00+00:00,13146.0,15739.0,0.8352500158841095
2021-07-14 07:00:00+00:00,14189.0,16325.0,0.8691577335375191
2021-07-14 07:30:00+00:00,15198.0,16884.0,0.9001421464108031
2021-07-14 08:00:00+00:00,15762.0,17096.0,0.921970051474029
2021-07-14 08:30:00+00:00,16263.0,16796.0,0.968266253869969
2021-07-14 09:00:00+00:00,17024.0,16642.0,1.02295397187838
2021-07-14 09:30:00+00:00,17559.0,16210.0,1.0832202344231956
2021-07-14 10:00:00+00:00,18138.0,15981.0,1.1349727801764595
2021-07-14 10:30:00+00:00,18990.0,15686.0,1.2106336860895066
2021-07-14 11:00:00+00:00,19447.0,15452.0,1.2585425834843387
2021-07-14 11:30:00+00:00,19960.0,15410.0,1.2952628163530175
2021-07-14 12:00:00+00:00,20341.0,15120.0,1.3453042328042328
2021-07-14 12:30:00+00:00,20715.0,14661.0,1.4129322692858604
2021-07-14 13:00:00+00:00,20657.0,14074.0,1.467741935483871
2021-07-14 13:30:00+00:00,20683.0,13754.0,1.503780718336484
2021-07-14 14:00:00+00:00,20494.0,13532.0,1.5144841856340525
2021-07-14 14:30:00+00:00,20527.0,13873.0,1.479636704389822
2021-07-14 15:00:00+00:00,19922.0,14256.0,1.3974466891133557
2021-07-14 15:30:00+00:00,19329.0,14609.0,1.3230885070846738
2021-07-14 16:00:00+00:00,18906.0,15265.0,1.2385194890271864
2021-07-14 16:30:00+00:00,18269.0,16245.0,1.1245921822099108
2021-07-14 17:00:00+00:00,17552.0,16598.0,1.0574768044342693
2021-07-14 17:30:00+00:00,17256.0,16636.0,1.0372685741764847
2021-07-14 18:00:00+00:00,16508.0,16836.0,0.9805179377524352
2021-07-14 18:30:00+00:00,16130.0,16616.0,0.9707510832932114
2021-07-14 19:00:00+00:00,15559.0,16645.0,0.9347551817362572
2021-07-14 19:30:00+00:00,14895.0,16627.0,0.895832080351236
2021-07-14 20:00:00+00:00,14288.0,16308.0,0.8761344125582536
2021-07-14 20:30:00+00:00,14122.3,15683.0,0.9004846011604922
2021-07-14 21:00:00+00:00,14314.49,15024.0,0.9527748935037273
2021-07-14 21:30:00+00:00,14344.56,14352.0,0.9994816053511706
2021-07-14 22:00:00+00:00,14188.0,13096.0,1.0833842394624313
2021-07-14 22:30:00+00:00,13788.0,11718.0,1.1766513056835637
2021-07-14 23:00:00+00:00,13452.0,10644.0,1.2638105975197294
2021-07-14 23:30:00+00:00,13527.0,9504.0,1.4232954545454546
2021-07-15 00:00:00+00:00,13385.0,8938.0,1.4975385992392034
2021-07-15 00:30:00+00:00,13277.0,8728.0,1.5211961503208067
2021-07-15 01:00:00+00:00,13051.0,9095.0,1.434964266080264
2021-07-15 01:30:00+00:00,12870.0,9061.0,1.4203730272596844
2021-07-15 02:00:00+00:00,12899.0,8777.0,1.4696365500740571
2021-07-15 02:30:00+00:00,13032.0,8527.0,1.5283218013369297
2021-07-15 03:00:00+00:00,12910.0,8635.0,1.4950781702374059
2021-07-15 03:30:00+00:00,12983.00473,8506.0,1.5263349083000235
2021-07-15 04:00:00+00:00,12819.080600000001,8660.0,1.4802633487297923
2021-07-15 04:30:00+00:00,12321.7,9065.0,1.359260893546608
2021-07-15 05:00:00+00:00,12277.0,9653.0,1.2718325909043822
2021-07-15 05:30:00+00:00,13412.0,10301.0,1.3020095136394525
2021-07-15 06:00:00+00:00,14406.0,11435.0,1.259816353301268
2021-07-15 06:30:00+00:00,14759.0,13830.0,1.067172812725958
2021-07-15 07:00:00+00:00,15569.0,15072.0,1.0329750530785562
2021-07-15 07:30:00+00:00,16140.0,16136.0,1.0002478929102627
2021-07-15 08:00:00+00:00,16478.0,16421.0,1.0034711649716825
2021-07-15 08:30:00+00:00,16961.0,16671.0,1.0173954771759341
2021-07-15 09:00:00+00:00,16970.0,16952.0,1.0010618216139688
2021-07-15 09:30:00+00:00,16738.0,16537.0,1.0121545624962205
2021-07-15 10:00:00+00:00,17136.0,16504.0,1.0382937469704314
2021-07-15 10:30:00+00:00,17168.0,16907.0,1.0154373927958833
2021-07-15 11:00:00+00:00,17466.0,16916.0,1.0325135965949397
2021-07-15 11:30:00+00:00,17878.0,17329.0,1.03168099717237
2021-07-15 12:00:00+00:00,18202.0,17066.0,1.0665651001992265
2021-07-15 12:30:00+00:00,18351.0,16421.0,1.1175324279885512
2021-07-15 13:00:00+00:00,18250.0,15789.0,1.1558680093736144
2021-07-15 13:30:00+00:00,18268.0,15698.0,1.1637151229455982
2021-07-15 14:00:00+00:00,18136.0,15549.0,1.1663772589877162
2021-07-15 14:30:00+00:00,17739.0,15621.0,1.1355867101978105
2021-07-15 15:00:00+00:00,17663.0,15778.0,1.1194701483077703
2021-07-15 15:30:00+00:00,17092.0,16371.0,1.0440412925294729
2021-07-15 16:00:00+00:00,16288.0,17201.0,0.9469216905993838
2021-07-15 16:30:00+00:00,15974.0,17904.0,0.8922028596961573
2021-07-15 17:00:00+00:00,15737.0,18262.0,0.8617347497535867
2021-07-15 17:30:00+00:00,15359.0,18294.0,0.8395648846616377
2021-07-15 18:00:00+00:00,15038.0,18271.0,0.8230529254009086
2021-07-15 18:30:00+00:00,14396.0,18557.0,0.7757719458964272
2021-07-15 19:00:00+00:00,13799.0,18666.0,0.7392585449480339
2021-07-15 19:30:00+00:00,12795.0,18866.0,0.6782041768260363
2021-07-15 20:00:00+00:00,12288.0,18588.0,0.6610716591349257
2021-07-15 20:30:00+00:00,11824.0,18378.0,0.6433779518990097
2021-07-15 21:00:00+00:00,11654.380000000001,18196.0,0.6404913167729172
2021-07-15 21:30:00+00:00,11214.52,18028.0,0.622061238074107
2021-07-15 22:00:00+00:00,10555.0,17317.0,0.609516659929549
2021-07-15 22:30:00+00:00,10216.0,15964.0,0.6399398646955651
2021-07-15 23:00:00+00:00,10070.0,14914.0,0.675204505833445
2021-07-15 23:30:00+00:00,10201.0,13824.0,0.7379195601851852
2021-07-16 00:00:00+00:00,10208.0,13112.0,0.7785234899328859
2021-07-16 00:30:00+00:00,10115.0,12672.0,0.7982165404040404
2021-07-16 01:00:00+00:00,9963.0,12530.0,0.7951316839584996
2021-07-16 01:30:00+00:00,9906.0,12227.0,0.8101742046290995
2021-07-16 02:00:00+00:00,9900.0,11992.0,0.8255503669112741
2021-07-16 02:30:00+00:00,9972.0,11647.0,0.8561861423542543
2021-07-16 03:00:00+00:00,9990.0,11533.0,0.8662100060695396
2021-07-16 03:30:00+00:00,10263.00923,11321.0,0.9065461734829079
2021-07-16 04:00:00+00:00,10409.0011,11113.0,0.9366508683523801
2021-07-16 04:30:00+00:00,10506.3,10935.0,0.96079561042524
2021-07-16 05:00:00+00:00,10869.0,11305.0,0.9614329942503317
2021-07-16 05:30:00+00:00,11583.0,12582.0,0.9206008583690987
2021-07-16 06:00:00+00:00,12010.0,14070.0,0.853589196872779
2021-07-16 06:30:00+00:00,12765.0,15798.0,0.8080136726167869
2021-07-16 07:00:00+00:00,13990.0,16300.0,0.8582822085889571
2021-07-16 07:30:00+00:00,14723.0,16792.0,0.8767865650309671
2021-07-16 08:00:00+00:00,15467.0,16680.0,0.9272781774580335
2021-07-16 08:30:00+00:00,16172.0,16706.0,0.9680354363701664
2021-07-16 09:00:00+00:00,16650.0,16740.0,0.9946236559139785
2021-07-16 09:30:00+00:00,17402.0,16179.0,1.0755918165523208
2021-07-16 10:00:00+00:00,18024.0,16105.0,1.1191555417572183
2021-07-16 10:30:00+00:00,18689.0,15807.0,1.1823242867084203
2021-07-16 11:00:00+00:00,19141.0,15689.0,1.2200267703486518
2021-07-16 11:30:00+00:00,19499.0,15768.0,1.2366184677828513
2021-07-16 12:00:00+00:00,19715.0,15546.0,1.2681718770101633
2021-07-16 12:30:00+00:00,19661.0,15025.0,1.3085524126455907
2021-07-16 13:00:00+00:00,19458.0,14771.0,1.3173109471261255
2021-07-16 13:30:00+00:00,19464.0,14343.0,1.3570382765111901
2021-07-16 14:00:00+00:00,19468.0,14056.0,1.3850313033579966
2021-07-16 14:30:00+00:00,18623.0,14125.0,1.3184424778761061
2021-07-16 15:00:00+00:00,17917.0,14734.0,1.216030948825845
2021-07-16 15:30:00+00:00,17209.0,15504.0,1.1099716202270382
2021-07-16 16:00:00+00:00,16953.0,16012.0,1.0587684236822383
2021-07-16 16:30:00+00:00,16224.0,16792.0,0.9661743687470223
2021-07-16 17:00:00+00:00,15348.0,17306.0,0.8868600485380793
2021-07-16 17:30:00+00:00,14868.0,17509.0,0.8491632874521674
2021-07-16 18:00:00+00:00,14038.0,17851.0,0.7863985210912554
2021-07-16 18:30:00+00:00,12954.0,18438.0,0.7025707777416206
2021-07-16 19:00:00+00:00,12220.0,18627.0,0.6560369356310731
2021-07-16 19:30:00+00:00,11417.0,18403.0,0.6203879802206163
2021-07-16 20:00:00+00:00,11304.0,18212.0,0.6206896551724138
2021-07-16 20:30:00+00:00,11246.4,17920.0,0.6275892857142857
2021-07-16 21:00:00+00:00,10982.32,17928.0,0.6125792057117359
2021-07-16 21:30:00+00:00,10619.54,17639.0,0.6020488689835025
2021-07-16 22:00:00+00:00,10060.0,17420.0,0.5774971297359357
2021-07-16 22:30:00+00:00,9942.0,15962.0,0.622854278912417
2021-07-16 23:00:00+00:00,10021.0,14783.0,0.6778732327673679
2021-07-16 23:30:00+00:00,10055.0,13640.0,0.7371700879765396
2021-07-17 00:00:00+00:00,10006.0,12858.0,0.7781925649401151
2021-07-17 00:30:00+00:00,9990.0,12340.0,0.8095623987034035
2021-07-17 01:00:00+00:00,10120.0,11931.0,0.8482105439611097
2021-07-17 01:30:00+00:00,10186.0,11504.0,0.8854311543810849
2021-07-17 02:00:00+00:00,10259.0,10998.0,0.9328059647208583
2021-07-17 02:30:00+00:00,10450.0,10962.0,0.9532931946725051
2021-07-17 03:00:00+00:00,10318.0,10909.0,0.9458245485379044
2021-07-17 03:30:00+00:00,10294.0,11090.0,0.9282236248872858
2021-07-17 04:00:00+00:00,10180.00331,10923.0,0.9319786972443468
2021-07-17 04:30:00+00:00,10062.4,11021.0,0.9130205970420107
2021-07-17 05:00:00+00:00,10345.0,11010.0,0.9396003633060854
2021-07-17 05:30:00+00:00,11009.0,11042.0,0.9970114109762724
2021-07-17 06:00:00+00:00,11643.0,11160.0,1.043279569892473
2021-07-17 06:30:00+00:00,12292.0,11959.0,1.027845137553307
2021-07-17 07:00:00+00:00,13087.0,12525.0,1.044870259481038
2021-07-17 07:30:00+00:00,14128.0,13270.0,1.0646571213262999
2021-07-17 08:00:00+00:00,15117.0,13447.0,1.1241912694281253
2021-07-17 08:30:00+00:00,16045.0,13456.0,1.1924048751486325
2021-07-17 09:00:00+00:00,16409.0,13567.0,1.2094788825827376
2021-07-17 09:30:00+00:00,17181.0,13620.0,1.261453744493392
2021-07-17 10:00:00+00:00,17364.0,13714.0,1.2661513781537115
2021-07-17 10:30:00+00:00,17709.0,13657.0,1.2966976642015084
2021-07-17 11:00:00+00:00,17592.0,13541.0,1.2991654973783324
2021-07-17 11:30:00+00:00,17790.0,13247.0,1.3429455725824715
2021-07-17 12:00:00+00:00,17988.0,12893.0,1.3951756767238037
2021-07-17 12:30:00+00:00,18132.0,12365.0,1.4663970885564093
2021-07-17 13:00:00+00:00,18367.0,11987.0,1.5322432635354968
2021-07-17 13:30:00+00:00,18365.0,11606.0,1.582371187316905
2021-07-17 14:00:00+00:00,18236.0,11232.0,1.6235754985754987
2021-07-17 14:30:00+00:00,17877.0,11248.0,1.5893492176386914
2021-07-17 15:00:00+00:00,17395.0,11656.0,1.4923644474948525
2021-07-17 15:30:00+00:00,16687.0,12286.0,1.3582125997069836
2021-07-17 16:00:00+00:00,15914.0,13194.0,1.206154312566318
2021-07-17 16:30:00+00:00,15446.0,14136.0,1.0926711941143181
2021-07-17 17:00:00+00:00,14612.0,15388.0,0.9495710943592409
2021-07-17 17:30:00+00:00,13830.0,16188.0,0.8543365455893255
2021-07-17 18:00:00+00:00,13346.0,16639.0,0.8020914718432598
2021-07-17 18:30:00+00:00,12626.0,16998.0,0.7427932697964467
2021-07-17 19:00:00+00:00,11914.0,17108.0,0.6963993453355155
2021-07-17 19:30:00+00:00,11386.0,16973.0,0.6708301419902197
2021-07-17 20:00:00+00:00,11158.0,16857.0,0.6619208637361333
2021-07-17 20:30:00+00:00,10506.95,16860.0,0.623188018979834
2021-07-17 21:00:00+00:00,10332.369999999999,17105.0,0.6040555393159894
2021-07-17 21:30:00+00:00,10514.44,16359.0,0.6427312182896265
2021-07-17 22:00:00+00:00,9705.0,16493.0,0.5884314557691142
2021-07-17 22:30:00+00:00,9440.0,15618.0,0.6044307849916762
2021-07-17 23:00:00+00:00,9111.0,14804.0,0.6154417724939205
2021-07-17 23:30:00+00:00,9129.0,13612.0,0.6706582427270056
2021-07-18 00:00:00+00:00,9025.0,12873.0,0.7010797793832052
2021-07-18 00:30:00+00:00,8826.0,12641.0,0.6982042559924057
2021-07-18 01:00:00+00:00,8783.0,12391.0,0.7088209184085223
2021-07-18 01:30:00+00:00,8761.0,12140.0,0.72166392092257
2021-07-18 02:00:00+00:00,8730.0,11805.0,0.7395171537484116
2021-07-18 02:30:00+00:00,8554.0,11621.0,0.7360812322519577
2021-07-18 03:00:00+00:00,8442.0,11467.0,0.7361995290834569
2021-07-18 03:30:00+00:00,8377.0,11455.0,0.7312963771278918
2021-07-18 04:00:00+00:00,8260.0106,11308.0,0.7304572515033604
2021-07-18 04:30:00+00:00,8241.51,11084.0,0.7435501623962468
2021-07-18 05:00:00+00:00,8345.0,11182.0,0.7462886782328743
2021-07-18 05:30:00+00:00,8568.0,11685.0,0.7332477535301669
2021-07-18 06:00:00+00:00,8959.0,12187.0,0.7351275949782555
2021-07-18 06:30:00+00:00,9465.0,12734.0,0.7432856918485943
2021-07-18 07:00:00+00:00,9787.0,13643.0,0.717364216081507
2021-07-18 07:30:00+00:00,10569.0,14180.0,0.745345557122708
2021-07-18 08:00:00+00:00,11578.0,14481.0,0.7995304191699468
2021-07-18 08:30:00+00:00,12580.0,15012.0,0.8379962696509459
2021-07-18 09:00:00+00:00,13245.0,15213.0,0.8706369552356538
2021-07-18 09:30:00+00:00,14103.0,15377.0,0.917148988749431
2021-07-18 10:00:00+00:00,14482.0,15666.0,0.9244223158432274
2021-07-18 10:30:00+00:00,14729.0,16037.0,0.9184386107127268
2021-07-18 11:00:00+00:00,14881.0,15818.0,0.9407636869389303
2021-07-18 11:30:00+00:00,14995.0,16202.0,0.9255030243179855
2021-07-18 12:00:00+00:00,15108.0,15970.0,0.9460237946149029
2021-07-18 12:30:00+00:00,15315.0,15792.0,0.9697948328267477
2021-07-18 13:00:00+00:00,15089.0,15714.0,0.9602265495736286
2021-07-18 13:30:00+00:00,14728.0,15595.0,0.9444052580955434
2021-07-18 14:00:00+00:00,14638.0,15705.0,0.9320598535498249
2021-07-18 14:30:00+00:00,14490.0,15697.0,0.9231063260495637
2021-07-18 15:00:00+00:00,14089.0,15841.0,0.8894009216589862
2021-07-18 15:30:00+00:00,13370.0,16813.0,0.7952179860821983
2021-07-18 16:00:00+00:00,12811.0,17585.0,0.7285186238271254
2021-07-18 16:30:00+00:00,12438.0,18169.0,0.6845726236997083
2021-07-18 17:00:00+00:00,11931.0,18645.0,0.6399034593724859
2021-07-18 17:30:00+00:00,11633.0,18895.0,0.6156655199788303
2021-07-18 18:00:00+00:00,11279.0,19206.0,0.5872643965427471
2021-07-18 18:30:00+00:00,10959.0,19307.0,0.5676179623970581
2021-07-18 19:00:00+00:00,10300.0,19497.0,0.5282864030363645
2021-07-18 19:30:00+00:00,9741.0,19453.0,0.5007453863157354
2021-07-18 20:00:00+00:00,9441.7,19560.0,0.48270449897750517
2021-07-18 20:30:00+00:00,8990.15,19764.0,0.45487502529852253
2021-07-18 21:00:00+00:00,8805.16,19681.0,0.44739393323509985
2021-07-18 21:30:00+00:00,8384.31,19694.0,0.42572915608814865
2021-07-18 22:00:00+00:00,7827.0,19281.0,0.40594367512058505
2021-07-18 22:30:00+00:00,7867.0,17936.0,0.43861507582515613
2021-07-18 23:00:00+00:00,7790.0,16797.0,0.4637732928499137
2021-07-18 23:30:00+00:00,7733.0,15992.0,0.4835542771385693
2021-07-19 00:00:00+00:00,7746.0,15415.0,0.5024975673045735
2021-07-19 00:30:00+00:00,7744.0,15292.0,0.5064085796494899
2021-07-19 01:00:00+00:00,7702.0,15394.0,0.5003248018708588
2021-07-19 01:30:00+00:00,7553.0,15512.0,0.486913357400722
2021-07-19 02:00:00+00:00,7474.0,15442.0,0.4840046626084704
2021-07-19 02:30:00+00:00,7467.0,15404.0,0.4847442222799273
2021-07-19 03:00:00+00:00,7513.0,15225.0,0.4934646962233169
2021-07-19 03:30:00+00:00,7485.0,15256.0,0.49062663869952805
2021-07-19 04:00:00+00:00,7529.00267,15171.0,0.4962759653285874
2021-07-19 04:30:00+00:00,7618.26,14981.0,0.5085281356384754
2021-07-19 05:00:00+00:00,7917.0,15335.0,0.5162699706553635
2021-07-19 05:30:00+00:00,8503.0,16356.0,0.5198703839569577
2021-07-19 06:00:00+00:00,9052.0,17945.0,0.5044302033992756
2021-07-19 06:30:00+00:00,9601.0,19930.0,0.48173607626693427
2021-07-19 07:00:00+00:00,10455.0,21108.0,0.4953098351335986
2021-07-19 07:30:00+00:00,11739.0,21457.0,0.5470941883767535
2021-07-19 08:00:00+00:00,12106.0,21868.0,0.5535942930309128
2021-07-19 08:30:00+00:00,12927.0,21771.0,0.5937715309356484
2021-07-19 09:00:00+00:00,13758.0,21539.0,0.6387483170063606
2021-07-19 09:30:00+00:00,14462.0,21171.0,0.683104246374758
2021-07-19 10:00:00+00:00,15194.0,20825.0,0.7296038415366146
2021-07-19 10:30:00+00:00,15746.0,20659.0,0.7621859722154993
2021-07-19 11:00:00+00:00,16177.0,20631.0,0.7841112888371867
2021-07-19 11:30:00+00:00,16424.0,20689.0,0.793851805307168
2021-07-19 12:00:00+00:00,16524.0,20757.0,0.7960687960687961
2021-07-19 12:30:00+00:00,16236.0,20663.0,0.7857523108938683
2021-07-19 13:00:00+00:00,15780.0,20378.0,0.774364510746884
2021-07-19 13:30:00+00:00,15918.0,20181.0,0.7887617065556711
2021-07-19 14:00:00+00:00,15863.0,20136.0,0.7877930075486691
2021-07-19 14:30:00+00:00,15672.0,20061.0,0.7812172872738149
2021-07-19 15:00:00+00:00,15440.0,19926.0,0.7748670079293386
2021-07-19 15:30:00+00:00,15077.0,20310.0,0.7423436730674544
2021-07-19 16:00:00+00:00,15127.0,20592.0,0.7346056721056721
2021-07-19 16:30:00+00:00,14772.0,21089.0,0.7004599554269999
2021-07-19 17:00:00+00:00,13931.0,21720.0,0.641390423572744
2021-07-19 17:30:00+00:00,13171.0,22050.0,0.5973242630385488
2021-07-19 18:00:00+00:00,12576.0,22320.0,0.5634408602150538
2021-07-19 18:30:00+00:00,11916.0,22266.0,0.5351657235246564
2021-07-19 19:00:00+00:00,11233.0,22260.0,0.5046271338724169
2021-07-19 19:30:00+00:00,10677.0,22145.0,0.4821404380221269
2021-07-19 20:00:00+00:00,10305.5,21703.0,0.47484218771598397
2021-07-19 20:30:00+00:00,9815.8,21564.0,0.45519384158783155
2021-07-19 21:00:00+00:00,9249.74,21869.0,0.42296126937674333
2021-07-19 21:30:00+00:00,8846.14,21516.0,0.4111424056516081
2021-07-19 22:00:00+00:00,8606.0,20522.0,0.41935483870967744
2021-07-19 22:30:00+00:00,8549.0,19178.0,0.4457711961622693
2021-07-19 23:00:00+00:00,8630.0,17778.0,0.48543143210709866
2021-07-19 23:30:00+00:00,8714.0,17517.0,0.49745961066392647
2021-07-20 00:00:00+00:00,8633.0,17140.0,0.5036756126021004
2021-07-20 00:30:00+00:00,8557.0,16747.0,0.5109571863617365
2021-07-20 01:00:00+00:00,8484.0,16601.0,0.5110535509909042
2021-07-20 01:30:00+00:00,8485.0,16182.0,0.5243480410332468
2021-07-20 02:00:00+00:00,8417.0,16035.0,0.5249142500779544
2021-07-20 02:30:00+00:00,8364.0,15947.0,0.524487364394557
2021-07-20 03:00:00+00:00,8401.0,15849.0,0.5300649883273393
2021-07-20 03:30:00+00:00,8501.0,15740.0,0.5400889453621347
2021-07-20 04:00:00+00:00,8570.0,15607.0,0.5491125776894983
2021-07-20 04:30:00+00:00,8362.11,15638.0,0.5347301445197596
2021-07-20 05:00:00+00:00,8479.0,16036.0,0.5287478174108257
2021-07-20 05:30:00+00:00,8833.0,16887.0,0.5230650796470658
2021-07-20 06:00:00+00:00,9271.0,18286.0,0.5069998906267089
2021-07-20 06:30:00+00:00,10102.0,20117.0,0.5021623502510315
2021-07-20 07:00:00+00:00,10911.0,20708.0,0.5268978172686885
2021-07-20 07:30:00+00:00,11710.0,21624.0,0.5415279319274879
2021-07-20 08:00:00+00:00,12591.0,21873.0,0.5756412014812783
2021-07-20 08:30:00+00:00,13520.0,21736.0,0.6220095693779905
2021-07-20 09:00:00+00:00,14103.0,21282.0,0.6626726811389907
2021-07-20 09:30:00+00:00,14641.0,21085.0,0.694379890917714
2021-07-20 10:00:00+00:00,15314.0,20988.0,0.7296550409757957
2021-07-20 10:30:00+00:00,15846.0,20889.0,0.7585810713772799
2021-07-20 11:00:00+00:00,16194.0,20659.0,0.783871436177937
2021-07-20 11:30:00+00:00,16577.0,20869.0,0.7943360966026163
2021-07-20 12:00:00+00:00,16514.0,21079.0,0.7834337492290906
2021-07-20 12:30:00+00:00,16231.0,20787.0,0.7808245538076682
2021-07-20 13:00:00+00:00,16096.0,20620.0,0.7806013579049467
2021-07-20 13:30:00+00:00,16162.0,20404.0,0.7920995883160165
2021-07-20 14:00:00+00:00,15928.0,20525.0,0.7760292326431182
2021-07-20 14:30:00+00:00,15706.0,20562.0,0.7638362027040171
2021-07-20 15:00:00+00:00,15638.0,20643.0,0.7575449304849101
2021-07-20 15:30:00+00:00,14613.0,21283.0,0.6866043320960391
2021-07-20 16:00:00+00:00,13837.0,21813.0,0.6343464906248567
2021-07-20 16:30:00+00:00,14126.0,21807.0,0.6477736506626313
2021-07-20 17:00:00+00:00,13381.0,22342.0,0.5989168382418762
2021-07-20 17:30:00+00:00,12719.0,22547.0,0.5641105246817758
2021-07-20 18:00:00+00:00,11972.0,22706.0,0.5272615167797058
2021-07-20 18:30:00+00:00,11141.0,22905.0,0.4864003492687186
2021-07-20 19:00:00+00:00,10224.0,23174.0,0.44118408561318717
2021-07-20 19:30:00+00:00,9430.0,23230.0,0.40594059405940597
2021-07-20 20:00:00+00:00,8804.9,23074.0,0.3815940019069082
2021-07-20 20:30:00+00:00,8514.33,22908.0,0.37167496071241485
2021-07-20 21:00:00+00:00,8525.43,22907.0,0.3721757541362902
2021-07-20 21:30:00+00:00,8189.12,22655.0,0.36147075700728315
2021-07-20 22:00:00+00:00,7947.0,21634.0,0.36733844873809746
2021-07-20 22:30:00+00:00,8016.0,20138.0,0.39805343132386534
2021-07-20 23:00:00+00:00,8069.0,18800.0,0.4292021276595745
2021-07-20 23:30:00+00:00,8041.0,18428.0,0.43634686346863466
2021-07-21 00:00:00+00:00,7786.0,17885.0,0.4353368744758177
2021-07-21 00:30:00+00:00,7724.0,17722.0,0.4358424557047737
2021-07-21 01:00:00+00:00,7720.0,17594.0,0.4387859497555985
2021-07-21 01:30:00+00:00,7694.0,17460.0,0.4406643757159221
2021-07-21 02:00:00+00:00,7685.0,17227.0,0.44610204910895684
2021-07-21 02:30:00+00:00,7686.0,17047.0,0.450871121018361
2021-07-21 03:00:00+00:00,7670.0,16946.0,0.4526141862386404
2021-07-21 03:30:00+00:00,7701.0,16953.0,0.45425588391435145
2021-07-21 04:00:00+00:00,7698.0,16925.0,0.4548301329394387
2021-07-21 04:30:00+00:00,7674.09,16671.0,0.4603257153140184
2021-07-21 05:00:00+00:00,7729.0,17202.0,0.44930821997442155
2021-07-21 05:30:00+00:00,7981.0,18199.0,0.43854057915270067
2021-07-21 06:00:00+00:00,8386.0,19186.0,0.4370895444595017
2021-07-21 06:30:00+00:00,8943.0,21219.0,0.4214618973561431
2021-07-21 07:00:00+00:00,9780.0,21963.0,0.44529435869416745
2021-07-21 07:30:00+00:00,10909.0,22453.0,0.48585935064356656
2021-07-21 08:00:00+00:00,11757.0,22367.0,0.5256404524522734
2021-07-21 08:30:00+00:00,12412.0,22410.0,0.5538598839803659
2021-07-21 09:00:00+00:00,12925.0,22261.0,0.5806118323525448
2021-07-21 09:30:00+00:00,13580.0,22195.0,0.6118495156566794
2021-07-21 10:00:00+00:00,14610.0,21852.0,0.6685886875343218
2021-07-21 10:30:00+00:00,14750.0,22124.0,0.6666967998553607
2021-07-21 11:00:00+00:00,15019.0,22121.0,0.6789476063469102
2021-07-21 11:30:00+00:00,15425.0,22204.0,0.6946946496126823
2021-07-21 12:00:00+00:00,15568.0,22095.0,0.7045937995021498
2021-07-21 12:30:00+00:00,15779.0,21860.0,0.7218206770356816
2021-07-21 13:00:00+00:00,15499.0,21671.0,0.7151954224539707
2021-07-21 13:30:00+00:00,15344.0,21617.0,0.7098117222556322
2021-07-21 14:00:00+00:00,15121.0,21529.0,0.7023549630730642
2021-07-21 14:30:00+00:00,14809.0,21733.0,0.6814061565361432
2021-07-21 15:00:00+00:00,14137.0,22110.0,0.6393939393939394
2021-07-21 15:30:00+00:00,13690.0,22185.0,0.6170836150552175
2021-07-21 16:00:00+00:00,12893.0,22714.0,0.5676234921193978
2021-07-21 16:30:00+00:00,12811.0,23211.0,0.5519365817931153
2021-07-21 17:00:00+00:00,12092.0,23423.0,0.5162447167314178
2021-07-21 17:30:00+00:00,11426.0,23592.0,0.48431671753136657
2021-07-21 18:00:00+00:00,10949.0,23621.0,0.4635282164175945
2021-07-21 18:30:00+00:00,10348.0,23569.0,0.43905129619415334
2021-07-21 19:00:00+00:00,9843.0,23499.0,0.4188688880377888
2021-07-21 19:30:00+00:00,9251.0,23378.0,0.3957139190692104
2021-07-21 20:00:00+00:00,8647.9,23199.0,0.3727703780335359
2021-07-21 20:30:00+00:00,8223.41,23261.0,0.3535277933020936
2021-07-21 21:00:00+00:00,7950.67,23169.0,0.3431598256290733
2021-07-21 21:30:00+00:00,7777.12,22826.0,0.34071322176465435
2021-07-21 22:00:00+00:00,7751.0,21911.0,0.3537492583633791
2021-07-21 22:30:00+00:00,7389.0,20642.0,0.3579595000484449
2021-07-21 23:00:00+00:00,7228.0,19549.0,0.3697375824850376
2021-07-21 23:30:00+00:00,7189.0,19151.0,0.3753850973839486
2021-07-22 00:00:00+00:00,7249.0,18575.0,0.3902557200538358
2021-07-22 00:30:00+00:00,7103.0,18401.0,0.38601162980272813
2021-07-22 01:00:00+00:00,6944.0,18086.0,0.38394338162114344
2021-07-22 01:30:00+00:00,7018.0,17641.0,0.3978232526500765
2021-07-22 02:00:00+00:00,7034.0,17395.0,0.4043690715722909
2021-07-22 02:30:00+00:00,7019.0,17108.0,0.4102758943184475
2021-07-22 03:00:00+00:00,7025.0,17104.0,0.41072263797942
2021-07-22 03:30:00+00:00,6998.0,17116.0,0.4088572096284179
2021-07-22 04:00:00+00:00,6986.0,17076.0,0.40911220426329353
2021-07-22 04:30:00+00:00,7199.23,16628.0,0.4329582631705557
2021-07-22 05:00:00+00:00,7344.5,16995.0,0.432156516622536
2021-07-22 05:30:00+00:00,7692.0,17915.0,0.4293608707786771
2021-07-22 06:00:00+00:00,8102.0,19213.0,0.4216936449279134
2021-07-22 06:30:00+00:00,8749.0,20938.0,0.41785270799503293
2021-07-22 07:00:00+00:00,9373.0,21843.0,0.4291077232980818
2021-07-22 07:30:00+00:00,10358.0,22605.0,0.4582172085821721
2021-07-22 08:00:00+00:00,11320.0,22604.0,0.5007963192355336
2021-07-22 08:30:00+00:00,12151.0,22597.0,0.5377262468469266
2021-07-22 09:00:00+00:00,12780.0,22482.0,0.5684547638110489
2021-07-22 09:30:00+00:00,13411.0,22346.0,0.6001521525105165
2021-07-22 10:00:00+00:00,14091.0,22055.0,0.6389027431421447
2021-07-22 10:30:00+00:00,14531.0,21991.0,0.6607703151289164
2021-07-22 11:00:00+00:00,14807.0,21915.0,0.6756559434177504
2021-07-22 11:30:00+00:00,14888.0,21968.0,0.6777130371449381
2021-07-22 12:00:00+00:00,14917.0,21852.0,0.6826377448288486
2021-07-22 12:30:00+00:00,15089.0,21528.0,0.7009011519881085
2021-07-22 13:00:00+00:00,14766.0,21566.0,0.6846888620977465
2021-07-22 13:30:00+00:00,14444.0,21707.0,0.6654074722439766
2021-07-22 14:00:00+00:00,13946.0,21741.0,0.6414608343682443
2021-07-22 14:30:00+00:00,12902.0,22171.0,0.5819313517658202
2021-07-22 15:00:00+00:00,12315.0,22433.0,0.5489680381580707
2021-07-22 15:30:00+00:00,11733.0,22884.0,0.5127163083377032
2021-07-22 16:00:00+00:00,11493.0,23301.0,0.4932406334492082
2021-07-22 16:30:00+00:00,11098.0,24040.0,0.46164725457570716
2021-07-22 17:00:00+00:00,10770.0,24358.0,0.4421545282863946
2021-07-22 17:30:00+00:00,10294.0,24560.0,0.41913680781758955
2021-07-22 18:00:00+00:00,9883.0,24543.0,0.4026810088416249
2021-07-22 18:30:00+00:00,9418.0,24338.0,0.38696688306352206
2021-07-22 19:00:00+00:00,8814.0,24108.0,0.36560477849676454
2021-07-22 19:30:00+00:00,8102.0,23852.0,0.3396780144222707
2021-07-22 20:00:00+00:00,7781.5,23552.0,0.33039656929347827
2021-07-22 20:30:00+00:00,7518.4400000000005,23442.0,0.3207251940960669
2021-07-22 21:00:00+00:00,7653.59,23378.0,0.3273842929249722
2021-07-22 21:30:00+00:00,7162.1900000000005,23109.0,0.309930762906227
2021-07-22 22:00:00+00:00,6984.0,22254.0,0.31383122135346453
2021-07-22 22:30:00+00:00,6706.0,21003.0,0.31928772080179024
2021-07-22 23:00:00+00:00,6662.0,19341.0,0.344449614807921
2021-07-22 23:30:00+00:00,6659.0,18122.0,0.36745392340801236
2021-07-23 00:00:00+00:00,6648.0,17260.0,0.38516801853997684
2021-07-23 00:30:00+00:00,6630.0,17023.0,0.38947306585208247
2021-07-23 01:00:00+00:00,6680.0,17004.0,0.3928487414725947
2021-07-23 01:30:00+00:00,6785.0,17019.0,0.3986720723896821
2021-07-23 02:00:00+00:00,6852.0,16672.0,0.41098848368522073
2021-07-23 02:30:00+00:00,6927.0,16517.0,0.4193860870618151
2021-07-23 03:00:00+00:00,6995.0,16263.0,0.4301174445059337
2021-07-23 03:30:00+00:00,7020.0,16250.0,0.432
2021-07-23 04:00:00+00:00,6989.000323,16490.0,0.4238326454214676
2021-07-23 04:30:00+00:00,7039.8,16492.0,0.42686150861023525
2021-07-23 05:00:00+00:00,7220.0,16539.0,0.4365439264768124
2021-07-23 05:30:00+00:00,7523.0,17224.0,0.4367742684626103
2021-07-23 06:00:00+00:00,7985.0,18387.0,0.43427421547832706
2021-07-23 06:30:00+00:00,8343.0,20466.0,0.4076517150395778
2021-07-23 07:00:00+00:00,8914.0,21019.0,0.4240924877491793
2021-07-23 07:30:00+00:00,10370.0,21394.0,0.48471534074974293
2021-07-23 08:00:00+00:00,11053.0,21733.0,0.5085814199604288
2021-07-23 08:30:00+00:00,11664.0,21888.0,0.5328947368421053
2021-07-23 09:00:00+00:00,12056.0,21838.0,0.5520652074365784
2021-07-23 09:30:00+00:00,12273.0,21813.0,0.5626461284555082
2021-07-23 10:00:00+00:00,12646.0,21433.0,0.5900247282228339
2021-07-23 10:30:00+00:00,13131.0,21269.0,0.6173774037331328
2021-07-23 11:00:00+00:00,13461.0,20958.0,0.6422845691382766
2021-07-23 11:30:00+00:00,13824.0,20888.0,0.6618153963998468
2021-07-23 12:00:00+00:00,13547.0,20961.0,0.6462955011688374
2021-07-23 12:30:00+00:00,14079.0,20001.0,0.703914804259787
2021-07-23 13:00:00+00:00,13583.0,20184.0,0.6729587792310742
2021-07-23 13:30:00+00:00,13344.0,20120.0,0.663220675944334
2021-07-23 14:00:00+00:00,13289.0,20236.0,0.6567009290373592
2021-07-23 14:30:00+00:00,12854.0,20352.0,0.6315841194968553
2021-07-23 15:00:00+00:00,12350.0,20523.0,0.6017638746771914
2021-07-23 15:30:00+00:00,11600.0,21132.0,0.5489305318947567
2021-07-23 16:00:00+00:00,11444.0,21351.0,0.5359936302749285
2021-07-23 16:30:00+00:00,11627.0,21317.0,0.5454332223108317
2021-07-23 17:00:00+00:00,11503.0,21229.0,0.5418531254416129
2021-07-23 17:30:00+00:00,11373.0,21217.0,0.5360324268275439
2021-07-23 18:00:00+00:00,10974.0,21156.0,0.5187180941576858
2021-07-23 18:30:00+00:00,10352.0,21098.0,0.49066262204948335
2021-07-23 19:00:00+00:00,10062.0,20746.0,0.48500915839197917
2021-07-23 19:30:00+00:00,9937.0,20243.0,0.49088573827989923
2021-07-23 20:00:00+00:00,9875.3,19741.0,0.5002431487766577
2021-07-23 20:30:00+00:00,10261.65,18968.0,0.5409979966258962
2021-07-23 21:00:00+00:00,10521.894,18444.0,0.5704778789850358
2021-07-23 21:30:00+00:00,10274.869999999999,17669.0,0.5815196106174656
2021-07-23 22:00:00+00:00,10116.0,16630.0,0.6082982561635598
2021-07-23 22:30:00+00:00,9968.0,15391.0,0.6476512247417322
2021-07-23 23:00:00+00:00,9407.0,14484.0,0.6494752830709749
2021-07-23 23:30:00+00:00,9103.0,13746.0,0.6622290120762404
2021-07-24 00:00:00+00:00,9163.0,12914.0,0.7095400340715503
2021-07-24 00:30:00+00:00,9298.0,12566.0,0.7399331529524112
2021-07-24 01:00:00+00:00,9445.0,12238.0,0.7717764340578526
2021-07-24 01:30:00+00:00,9434.0,12159.0,0.7758861748499054
2021-07-24 02:00:00+00:00,9726.0,11438.0,0.8503234831264207
2021-07-24 02:30:00+00:00,9926.0,11312.0,0.8774752475247525
2021-07-24 03:00:00+00:00,10022.0,11193.0,0.8953810417225051
2021-07-24 03:30:00+00:00,10028.0,11216.0,0.8940798858773181
2021-07-24 04:00:00+00:00,9898.0,11180.0,0.8853309481216458
2021-07-24 04:30:00+00:00,9769.985,11139.0,0.8770971361881678
2021-07-24 05:00:00+00:00,9835.3,11217.0,0.8768208968529909
2021-07-24 05:30:00+00:00,10150.0,11662.0,0.8703481392557023
2021-07-24 06:00:00+00:00,10158.0,12350.0,0.8225101214574899
2021-07-24 06:30:00+00:00,9652.0,13774.0,0.7007405256279948
2021-07-24 07:00:00+00:00,9466.0,14943.0,0.6334738673626448
2021-07-24 07:30:00+00:00,9245.0,16930.0,0.5460720614294152
2021-07-24 08:00:00+00:00,9632.0,17379.0,0.5542321192243512
2021-07-24 08:30:00+00:00,9867.0,18006.0,0.5479840053315561
2021-07-24 09:00:00+00:00,10460.0,18536.0,0.5643072939145447
2021-07-24 09:30:00+00:00,10957.0,18793.0,0.5830362368967169
2021-07-24 10:00:00+00:00,11430.0,18792.0,0.6082375478927203
2021-07-24 10:30:00+00:00,11861.0,18530.0,0.6400971397733405
2021-07-24 11:00:00+00:00,12084.0,18218.0,0.6633000329344604
2021-07-24 11:30:00+00:00,12547.0,18009.0,0.6967072019545782
2021-07-24 12:00:00+00:00,12867.0,17935.0,0.717424031223864
2021-07-24 12:30:00+00:00,12313.0,18083.0,0.6809157772493503
2021-07-24 13:00:00+00:00,12233.0,17947.0,0.6816180977322115
2021-07-24 13:30:00+00:00,12202.0,17812.0,0.6850437907028969
2021-07-24 14:00:00+00:00,12207.0,17566.0,0.6949220084253672
2021-07-24 14:30:00+00:00,11733.0,17321.0,0.6773858322267767
2021-07-24 15:00:00+00:00,11598.0,17331.0,0.6692054699671109
2021-07-24 15:30:00+00:00,11275.0,17804.0,0.6332846551336778
2021-07-24 16:00:00+00:00,11045.0,18375.0,0.6010884353741497
2021-07-24 16:30:00+00:00,10659.0,19149.0,0.556634811217296
2021-07-24 17:00:00+00:00,10224.0,19684.0,0.5194066246697826
2021-07-24 17:30:00+00:00,9894.0,19930.0,0.49643753135975915
2021-07-24 18:00:00+00:00,9347.0,20044.0,0.46632408700858113
2021-07-24 18:30:00+00:00,9071.0,19921.0,0.45534862707695395
2021-07-24 19:00:00+00:00,8722.0,19830.0,0.43983862834089765
2021-07-24 19:30:00+00:00,8469.0,19832.0,0.42703711173860426
2021-07-24 20:00:00+00:00,7950.6,19733.0,0.402908832919475
2021-07-24 20:30:00+00:00,7838.33,19533.0,0.40128654072595094
2021-07-24 21:00:00+00:00,7967.977,19229.0,0.41437292630922046
2021-07-24 21:30:00+00:00,7994.0,18749.0,0.42636940636833964
2021-07-24 22:00:00+00:00,7751.0,18139.0,0.4273113181542533
2021-07-24 22:30:00+00:00,7527.0,17112.0,0.43986676016830295
2021-07-24 23:00:00+00:00,7560.0,16072.0,0.47038327526132406
2021-07-24 23:30:00+00:00,7462.0,15379.0,0.48520710059171596
2021-07-25 00:00:00+00:00,7267.0,14869.0,0.48873495191337685
2021-07-25 00:30:00+00:00,7165.0,14386.0,0.4980536632837481
2021-07-25 01:00:00+00:00,7157.0,14156.0,0.5055806725063577
2021-07-25 01:30:00+00:00,7081.0,13931.0,0.5082908621060943
2021-07-25 02:00:00+00:00,7069.0,13827.0,0.5112461126780936
2021-07-25 02:30:00+00:00,7139.0,13857.0,0.5151908782564769
2021-07-25 03:00:00+00:00,7077.0,13821.0,0.5120468851747341
2021-07-25 03:30:00+00:00,6932.0,13805.0,0.5021369069177835
2021-07-25 04:00:00+00:00,6899.0,13915.0,0.49579590370104204
2021-07-25 04:30:00+00:00,6750.165,13836.0,0.48786968777103207
2021-07-25 05:00:00+00:00,6665.9,13802.0,0.4829662367772786
2021-07-25 05:30:00+00:00,6852.0,14283.0,0.4797311489182945
2021-07-25 06:00:00+00:00,6982.0,14566.0,0.47933543869284634
2021-07-25 06:30:00+00:00,7184.0,14856.0,0.48357565966612814
2021-07-25 07:00:00+00:00,7267.0,15831.0,0.4590360684732487
2021-07-25 07:30:00+00:00,7423.0,17091.0,0.4343221578608624
2021-07-25 08:00:00+00:00,7800.0,18019.0,0.43287640823575113
2021-07-25 08:30:00+00:00,8198.0,18753.0,0.43715672159121205
2021-07-25 09:00:00+00:00,8581.0,19284.0,0.4449802945447003
2021-07-25 09:30:00+00:00,9127.0,19621.0,0.4651648743692982
2021-07-25 10:00:00+00:00,9410.0,19623.0,0.47953931610864803
2021-07-25 10:30:00+00:00,9778.0,19630.0,0.4981151299032094
2021-07-25 11:00:00+00:00,9966.0,19562.0,0.5094571107248748
2021-07-25 11:30:00+00:00,10459.0,19684.0,0.5313452550294655
2021-07-25 12:00:00+00:00,11015.0,19420.0,0.5671987641606591
2021-07-25 12:30:00+00:00,10757.0,19586.0,0.5492188297763709
2021-07-25 13:00:00+00:00,11097.0,19330.0,0.5740817382307294
2021-07-25 13:30:00+00:00,11095.0,19248.0,0.5764235245220283
2021-07-25 14:00:00+00:00,10967.0,19026.0,0.5764217386733943
2021-07-25 14:30:00+00:00,10571.0,19068.0,0.5543843087895951
2021-07-25 15:00:00+00:00,10550.0,19055.0,0.5536604565730779
2021-07-25 15:30:00+00:00,10389.0,19474.0,0.5334805381534353
2021-07-25 16:00:00+00:00,10179.0,19999.0,0.5089754487724386
2021-07-25 16:30:00+00:00,10005.0,20338.0,0.49193627692005115
2021-07-25 17:00:00+00:00,9929.0,20573.0,0.48262285519856124
2021-07-25 17:30:00+00:00,9656.0,20694.0,0.4666086788441094
2021-07-25 18:00:00+00:00,9244.0,20675.0,0.4471100362756953
2021-07-25 18:30:00+00:00,8413.0,20591.0,0.40857656257588265
2021-07-25 19:00:00+00:00,7861.0,20673.0,0.380254438156049
2021-07-25 19:30:00+00:00,7403.0,20625.0,0.3589333333333333
2021-07-25 20:00:00+00:00,6858.6,20520.0,0.33423976608187134
2021-07-25 20:30:00+00:00,6759.27,20418.0,0.33104466647076114
2021-07-25 21:00:00+00:00,6619.642,20429.0,0.3240316217142298
2021-07-25 21:30:00+00:00,6464.0,20376.0,0.31723596387907343
2021-07-25 22:00:00+00:00,6512.0,19718.0,0.33025661831828784
2021-07-25 22:30:00+00:00,6641.0,17920.0,0.37059151785714284
2021-07-25 23:00:00+00:00,6555.0,16579.0,0.3953796972073105
2021-07-25 23:30:00+00:00,6534.0,15743.0,0.4150416057930509
2021-07-26 00:00:00+00:00,6446.0,15393.0,0.41876177483271615
2021-07-26 00:30:00+00:00,6481.0,15523.0,0.4175095020292469
2021-07-26 01:00:00+00:00,6466.0,15462.0,0.4181865217953693
2021-07-26 01:30:00+00:00,6403.0,15551.0,0.4117420101601183
2021-07-26 02:00:00+00:00,6411.0,15132.0,0.42367168913560665
2021-07-26 02:30:00+00:00,6505.0,15017.0,0.43317573416794297
2021-07-26 03:00:00+00:00,6518.0,14946.0,0.43610330523216917
2021-07-26 03:30:00+00:00,6441.0,15149.0,0.4251765793121658
2021-07-26 04:00:00+00:00,6438.0,15209.0,0.423301992241436
2021-07-26 04:30:00+00:00,6514.153,15039.0,0.43315067491189574
2021-07-26 05:00:00+00:00,6615.6,15495.0,0.4269506292352372
2021-07-26 05:30:00+00:00,7005.0,16491.0,0.4247771511733673
2021-07-26 06:00:00+00:00,7496.0,17696.0,0.42359855334538876
2021-07-26 06:30:00+00:00,8133.0,19554.0,0.41592513040810064
2021-07-26 07:00:00+00:00,8542.0,20512.0,0.4164391575663027
2021-07-26 07:30:00+00:00,9577.0,21308.0,0.4494556035291909
2021-07-26 08:00:00+00:00,10385.0,21442.0,0.48432981997947955
2021-07-26 08:30:00+00:00,11497.0,21361.0,0.5382238659238799
2021-07-26 09:00:00+00:00,11887.0,21371.0,0.5562210472135136
2021-07-26 09:30:00+00:00,12299.0,21294.0,0.5775805391190006
2021-07-26 10:00:00+00:00,12863.0,21251.0,0.6052891628629241
2021-07-26 10:30:00+00:00,13556.0,21445.0,0.6321287013289811
2021-07-26 11:00:00+00:00,13589.0,21660.0,0.6273776546629732
2021-07-26 11:30:00+00:00,13249.0,21741.0,0.6094015914631342
2021-07-26 12:00:00+00:00,13532.0,21469.0,0.6303041594857702
2021-07-26 12:30:00+00:00,13649.0,21305.0,0.64064773527341
2021-07-26 13:00:00+00:00,13796.0,21116.0,0.6533434362568669
2021-07-26 13:30:00+00:00,13895.0,20933.0,0.6637844551664835
2021-07-26 14:00:00+00:00,14015.0,20580.0,0.6810009718172984
2021-07-26 14:30:00+00:00,13671.0,20520.0,0.6662280701754386
2021-07-26 15:00:00+00:00,13429.0,20696.0,0.6488693467336684
2021-07-26 15:30:00+00:00,12776.0,20941.0,0.6100950288906929
2021-07-26 16:00:00+00:00,12900.0,21149.0,0.6099579176320393
2021-07-26 16:30:00+00:00,12937.0,21533.0,0.6007987739748293
2021-07-26 17:00:00+00:00,12337.0,21771.0,0.5666712599329383
2021-07-26 17:30:00+00:00,11597.0,22152.0,0.5235193210545324
2021-07-26 18:00:00+00:00,10812.0,22414.0,0.4823770857499777
2021-07-26 18:30:00+00:00,9993.0,22363.0,0.4468541787774449
2021-07-26 19:00:00+00:00,9588.0,22134.0,0.43317972350230416
2021-07-26 19:30:00+00:00,8933.0,22143.0,0.40342320372126633
2021-07-26 20:00:00+00:00,8715.5,21828.0,0.39928074033351657
2021-07-26 20:30:00+00:00,8672.17,21381.0,0.405601702446097
2021-07-26 21:00:00+00:00,8858.76,20731.0,0.4273194732526169
2021-07-26 21:30:00+00:00,8789.0,19926.0,0.4410820034126267
2021-07-26 22:00:00+00:00,8563.0,18969.0,0.4514207391006379
2021-07-26 22:30:00+00:00,8326.0,17599.0,0.4730950622194443
2021-07-26 23:00:00+00:00,8314.0,16226.0,0.5123875261925305
2021-07-26 23:30:00+00:00,8648.0,14932.0,0.5791588534690597
2021-07-27 00:00:00+00:00,8685.0,14280.0,0.6081932773109243
2021-07-27 00:30:00+00:00,8758.0,14016.0,0.624857305936073
2021-07-27 01:00:00+00:00,8794.0,13677.0,0.6429772610952694
2021-07-27 01:30:00+00:00,8570.0,13740.0,0.62372634643377
2021-07-27 02:00:00+00:00,8509.0,13627.0,0.6244221031775152
2021-07-27 02:30:00+00:00,8348.0,13699.0,0.6093875465362435
2021-07-27 03:00:00+00:00,8147.0,13750.0,0.5925090909090909
2021-07-27 03:30:00+00:00,8014.0,13876.0,0.5775439607956183
2021-07-27 04:00:00+00:00,7702.201,14040.0,0.5485898148148148
2021-07-27 04:30:00+00:00,7685.33,14423.0,0.5328523885460722
2021-07-27 05:00:00+00:00,7580.7,15003.0,0.5052789442111577
2021-07-27 05:30:00+00:00,7658.0,15810.0,0.48437697659709045
2021-07-27 06:00:00+00:00,8063.0,17276.0,0.4667168326001389
2021-07-27 06:30:00+00:00,8241.0,19477.0,0.4231144426759768
2021-07-27 07:00:00+00:00,8818.0,20646.0,0.42710452387871745
2021-07-27 07:30:00+00:00,9735.0,21868.0,0.44517102615694165
2021-07-27 08:00:00+00:00,10338.0,22324.0,0.46308905214119334
2021-07-27 08:30:00+00:00,11017.0,22299.0,0.49405802950804967
2021-07-27 09:00:00+00:00,11093.0,22538.0,0.492190966367912
2021-07-27 09:30:00+00:00,11237.0,22635.0,0.49644356085707975
2021-07-27 10:00:00+00:00,11523.0,22802.0,0.5053504078589598
2021-07-27 10:30:00+00:00,11708.0,22820.0,0.5130587204206836
2021-07-27 11:00:00+00:00,11921.0,22923.0,0.5200453692797626
2021-07-27 11:30:00+00:00,12296.0,22994.0,0.5347481951813516
2021-07-27 12:00:00+00:00,12071.0,22971.0,0.5254886596142962
2021-07-27 12:30:00+00:00,11771.0,23044.0,0.5108054157264363
2021-07-27 13:00:00+00:00,11613.0,22795.0,0.5094538275937706
2021-07-27 13:30:00+00:00,11787.0,22468.0,0.5246127826241767
2021-07-27 14:00:00+00:00,11257.0,22561.0,0.4989583795044546
2021-07-27 14:30:00+00:00,11149.0,22602.0,0.4932749314219981
2021-07-27 15:00:00+00:00,11373.0,22780.0,0.4992537313432836
2021-07-27 15:30:00+00:00,11410.0,22868.0,0.4989504985132062
2021-07-27 16:00:00+00:00,11390.0,22842.0,0.4986428508887138
2021-07-27 16:30:00+00:00,12097.0,22335.0,0.5416162972912469
2021-07-27 17:00:00+00:00,11871.0,22368.0,0.5307135193133047
2021-07-27 17:30:00+00:00,11165.0,22573.0,0.4946174633411598
2021-07-27 18:00:00+00:00,10688.0,22412.0,0.4768873817597716
2021-07-27 18:30:00+00:00,10062.0,22347.0,0.450261780104712
2021-07-27 19:00:00+00:00,9819.0,22185.0,0.4425963488843813
2021-07-27 19:30:00+00:00,9510.0,21952.0,0.43321793002915454
2021-07-27 20:00:00+00:00,9071.5,21789.0,0.41633392996466106
2021-07-27 20:30:00+00:00,9175.561,21530.0,0.4261756154203437
2021-07-27 21:00:00+00:00,9402.958,20660.0,0.45512865440464667
2021-07-27 21:30:00+00:00,9275.0,19573.0,0.4738670617687631
2021-07-27 22:00:00+00:00,9376.0,18026.0,0.5201375790524797
2021-07-27 22:30:00+00:00,9411.0,16139.0,0.5831216308321457
2021-07-27 23:00:00+00:00,9320.0,14787.0,0.6302833570027727
2021-07-27 23:30:00+00:00,9381.0,13403.0,0.6999179288219055
2021-07-28 00:00:00+00:00,9236.0,12876.0,0.7173035104069587
2021-07-28 00:30:00+00:00,9443.0,11821.0,0.7988325860756281
2021-07-28 01:00:00+00:00,9626.0,11332.0,0.8494528768090364
2021-07-28 01:30:00+00:00,9753.0,11095.0,0.8790446146913024
2021-07-28 02:00:00+00:00,9900.0,10785.0,0.9179415855354659
2021-07-28 02:30:00+00:00,10217.0,10904.0,0.936995597945708
2021-07-28 03:00:00+00:00,10387.0,10786.0,0.9630076024476173
2021-07-28 03:30:00+00:00,10280.0,10824.0,0.9497413155949741
2021-07-28 04:00:00+00:00,10196.118,10897.0,0.9356811966596311
2021-07-28 04:30:00+00:00,10297.163,10923.0,0.9427046598919712
2021-07-28 05:00:00+00:00,10582.0,11043.0,0.9582540976184007
2021-07-28 05:30:00+00:00,11045.0,11563.0,0.9552019372135259
2021-07-28 06:00:00+00:00,11375.0,12817.0,0.8874931731294374
2021-07-28 06:30:00+00:00,11668.0,15031.0,0.7762623910584792
2021-07-28 07:00:00+00:00,12216.0,16023.0,0.7624040441864819
2021-07-28 07:30:00+00:00,13076.0,17053.0,0.7667859027737055
